MAT_GRP,MAT_GRP_DESC,ds,is_synthetic,y,receipt_qty,inv_qty,n_active_materials
151,KILNS,2023-11-30,1,32.0,42.0,10.0,1
151,KILNS,2023-12-31,1,42.0,27.0,0.0,1
151,KILNS,2024-01-31,1,37.0,33.0,0.0,1
151,KILNS,2024-02-29,1,40.0,45.0,5.0,1
151,KILNS,2024-03-31,1,43.0,38.0,0.0,1
151,KILNS,2024-04-30,1,42.0,38.0,0.0,1
151,KILNS,2024-05-31,1,44.0,35.0,0.0,1
151,KILNS,2024-06-30,1,50.0,36.0,0.0,1
151,KILNS,2024-07-31,1,31.0,41.0,10.0,1
151,KILNS,2024-08-31,1,36.0,60.0,34.0,1
151,KILNS,2024-09-30,1,31.0,25.0,28.0,1
151,KILNS,2024-10-31,1,32.0,44.0,40.0,1
151,KILNS,2024-11-30,1,33.0,25.0,32.0,1
151,KILNS,2024-12-31,1,34.0,29.0,27.0,1
151,KILNS,2025-01-31,1,44.0,44.0,27.0,1
151,KILNS,2025-02-28,1,35.0,43.0,35.0,1
151,KILNS,2025-03-31,1,47.0,58.0,46.0,1
151,KILNS,2025-04-30,1,44.0,34.0,36.0,1
151,KILNS,2025-05-31,1,43.0,62.0,55.0,1
151,KILNS,2025-06-30,1,33.0,50.0,72.0,1
151,KILNS,2025-07-31,1,33.0,51.0,90.0,1
151,KILNS,2025-08-31,1,29.0,35.0,96.0,1
151,KILNS,2025-09-30,0,38.0,16.0,54.0,1
151,KILNS,2025-10-31,0,38.0,16.0,16.0,1
201,COBPP EQPT & SPRS,2023-11-30,1,360.0,330.0,40.0,17
201,COBPP EQPT & SPRS,2023-12-31,1,352.0,412.0,101.0,17
201,COBPP EQPT & SPRS,2024-01-31,1,353.0,412.0,190.0,17
201,COBPP EQPT & SPRS,2024-02-29,1,422.0,331.0,108.0,17
201,COBPP EQPT & SPRS,2024-03-31,1,371.0,441.0,178.0,17
201,COBPP EQPT & SPRS,2024-04-30,1,399.0,422.0,202.0,17
201,COBPP EQPT & SPRS,2024-05-31,1,374.0,446.0,275.0,17
201,COBPP EQPT & SPRS,2024-06-30,1,350.0,428.0,353.0,17
201,COBPP EQPT & SPRS,2024-07-31,1,302.0,339.0,399.0,17
201,COBPP EQPT & SPRS,2024-08-31,1,300.0,312.0,411.0,17
201,COBPP EQPT & SPRS,2024-09-30,1,261.0,380.0,530.0,17
201,COBPP EQPT & SPRS,2024-10-31,1,289.0,284.0,525.0,17
201,COBPP EQPT & SPRS,2024-11-30,1,292.0,291.0,524.0,17
201,COBPP EQPT & SPRS,2024-12-31,1,338.0,343.0,529.0,17
201,COBPP EQPT & SPRS,2025-01-31,1,305.0,333.0,557.0,17
201,COBPP EQPT & SPRS,2025-02-28,1,394.0,341.0,504.0,17
201,COBPP EQPT & SPRS,2025-03-31,1,354.0,481.0,631.0,17
201,COBPP EQPT & SPRS,2025-04-30,1,359.0,491.0,763.0,17
201,COBPP EQPT & SPRS,2025-05-31,1,373.0,388.0,778.0,17
201,COBPP EQPT & SPRS,2025-06-30,1,368.0,356.0,766.0,17
201,COBPP EQPT & SPRS,2025-07-31,1,332.0,377.0,811.0,17
201,COBPP EQPT & SPRS,2025-08-31,1,302.0,321.0,830.0,17
201,COBPP EQPT & SPRS,2025-09-30,0,329.0,329.0,358.0,17
201,COBPP EQPT & SPRS,2025-10-31,0,329.0,329.0,66.0,17
202,SP EQPT & SPRS,2023-11-30,1,2460.0,2471.0,74.0,7
202,SP EQPT & SPRS,2023-12-31,1,2726.0,2768.0,159.0,7
202,SP EQPT & SPRS,2024-01-31,1,2551.0,2481.0,137.0,7
202,SP EQPT & SPRS,2024-02-29,1,2580.0,2714.0,458.0,7
202,SP EQPT & SPRS,2024-03-31,1,2840.0,2699.0,596.0,7
202,SP EQPT & SPRS,2024-04-30,1,2291.0,3420.0,1732.0,7
202,SP EQPT & SPRS,2024-05-31,1,2893.0,2462.0,1301.0,7
202,SP EQPT & SPRS,2024-06-30,1,2582.0,2863.0,1589.0,7
202,SP EQPT & SPRS,2024-07-31,1,2429.0,2750.0,1910.0,7
202,SP EQPT & SPRS,2024-08-31,1,2933.0,3040.0,2017.0,7
202,SP EQPT & SPRS,2024-09-30,1,2654.0,3166.0,2529.0,7
202,SP EQPT & SPRS,2024-10-31,1,2647.0,2721.0,2603.0,7
202,SP EQPT & SPRS,2024-11-30,1,2600.0,2782.0,2785.0,7
202,SP EQPT & SPRS,2024-12-31,1,2703.0,2729.0,2811.0,7
202,SP EQPT & SPRS,2025-01-31,1,2677.0,2958.0,3092.0,7
202,SP EQPT & SPRS,2025-02-28,1,2731.0,3178.0,3539.0,7
202,SP EQPT & SPRS,2025-03-31,1,2336.0,2759.0,3962.0,7
202,SP EQPT & SPRS,2025-04-30,1,2203.0,2678.0,4437.0,7
202,SP EQPT & SPRS,2025-05-31,1,2479.0,2121.0,4079.0,7
202,SP EQPT & SPRS,2025-06-30,1,2532.0,2846.0,4393.0,7
202,SP EQPT & SPRS,2025-07-31,1,2880.0,2634.0,4147.0,7
202,SP EQPT & SPRS,2025-08-31,1,2678.0,2686.0,4155.0,7
202,SP EQPT & SPRS,2025-09-30,0,2630.0,2630.0,618.0,7
202,SP EQPT & SPRS,2025-10-31,0,2630.0,2630.0,0.0,7
203,BF EQPT & SPRS,2023-11-30,1,2536.0,2605.0,9090.0,20
203,BF EQPT & SPRS,2023-12-31,1,2191.0,2568.0,9499.0,20
203,BF EQPT & SPRS,2024-01-31,1,2493.0,2499.0,9629.0,20
203,BF EQPT & SPRS,2024-02-29,1,1947.0,2213.0,9897.0,20
203,BF EQPT & SPRS,2024-03-31,1,2184.0,2449.0,10162.0,20
203,BF EQPT & SPRS,2024-04-30,1,1895.0,2384.0,10651.0,20
203,BF EQPT & SPRS,2024-05-31,1,2027.0,2187.0,10811.0,20
203,BF EQPT & SPRS,2024-06-30,1,2010.0,2186.0,10999.0,20
203,BF EQPT & SPRS,2024-07-31,1,2038.0,2218.0,11179.0,20
203,BF EQPT & SPRS,2024-08-31,1,2038.0,2329.0,11470.0,20
203,BF EQPT & SPRS,2024-09-30,1,2216.0,2286.0,11540.0,20
203,BF EQPT & SPRS,2024-10-31,1,2338.0,2366.0,11568.0,20
203,BF EQPT & SPRS,2024-11-30,1,2359.0,2280.0,11489.0,20
203,BF EQPT & SPRS,2024-12-31,1,2328.0,2660.0,11821.0,20
203,BF EQPT & SPRS,2025-01-31,1,2332.0,2808.0,12297.0,20
203,BF EQPT & SPRS,2025-02-28,1,2254.0,2740.0,12783.0,20
203,BF EQPT & SPRS,2025-03-31,1,2110.0,2741.0,13414.0,20
203,BF EQPT & SPRS,2025-04-30,1,2171.0,2301.0,13544.0,20
203,BF EQPT & SPRS,2025-05-31,1,2011.0,2510.0,14043.0,20
203,BF EQPT & SPRS,2025-06-30,1,1853.0,2429.0,14619.0,20
203,BF EQPT & SPRS,2025-07-31,1,2210.0,2074.0,14483.0,20
203,BF EQPT & SPRS,2025-08-31,1,1948.0,1953.0,14488.0,20
203,BF EQPT & SPRS,2025-09-30,0,2157.0,2784.0,13537.0,20
203,BF EQPT & SPRS,2025-10-31,0,2157.0,2784.0,12320.0,20
204,SMS EQPT & SPRS,2023-11-30,1,14.0,15.0,11.0,3
204,SMS EQPT & SPRS,2023-12-31,1,14.0,14.0,11.0,3
204,SMS EQPT & SPRS,2024-01-31,1,17.0,15.0,9.0,3
204,SMS EQPT & SPRS,2024-02-29,1,15.0,15.0,9.0,3
204,SMS EQPT & SPRS,2024-03-31,1,15.0,13.0,7.0,3
204,SMS EQPT & SPRS,2024-04-30,1,20.0,13.0,2.0,3
204,SMS EQPT & SPRS,2024-05-31,1,16.0,19.0,5.0,3
204,SMS EQPT & SPRS,2024-06-30,1,22.0,15.0,2.0,3
204,SMS EQPT & SPRS,2024-07-31,1,22.0,26.0,6.0,3
204,SMS EQPT & SPRS,2024-08-31,1,16.0,21.0,11.0,3
204,SMS EQPT & SPRS,2024-09-30,1,17.0,19.0,13.0,3
204,SMS EQPT & SPRS,2024-10-31,1,15.0,17.0,15.0,3
204,SMS EQPT & SPRS,2024-11-30,1,21.0,16.0,10.0,3
204,SMS EQPT & SPRS,2024-12-31,1,18.0,27.0,19.0,3
204,SMS EQPT & SPRS,2025-01-31,1,17.0,19.0,21.0,3
204,SMS EQPT & SPRS,2025-02-28,1,20.0,14.0,15.0,3
204,SMS EQPT & SPRS,2025-03-31,1,19.0,20.0,16.0,3
204,SMS EQPT & SPRS,2025-04-30,1,20.0,18.0,14.0,3
204,SMS EQPT & SPRS,2025-05-31,1,20.0,18.0,12.0,3
204,SMS EQPT & SPRS,2025-06-30,1,24.0,20.0,8.0,3
204,SMS EQPT & SPRS,2025-07-31,1,21.0,27.0,14.0,3
204,SMS EQPT & SPRS,2025-08-31,1,18.0,27.0,23.0,3
204,SMS EQPT & SPRS,2025-09-30,0,17.0,17.0,17.0,3
204,SMS EQPT & SPRS,2025-10-31,0,17.0,17.0,0.0,3
205,CCS EQPT & SPRS,2023-11-30,1,375.0,433.0,451.0,20
205,CCS EQPT & SPRS,2023-12-31,1,354.0,446.0,543.0,20
205,CCS EQPT & SPRS,2024-01-31,1,345.0,390.0,588.0,20
205,CCS EQPT & SPRS,2024-02-29,1,335.0,390.0,643.0,20
205,CCS EQPT & SPRS,2024-03-31,1,308.0,380.0,715.0,20
205,CCS EQPT & SPRS,2024-04-30,1,324.0,336.0,727.0,20
205,CCS EQPT & SPRS,2024-05-31,1,345.0,360.0,746.0,20
205,CCS EQPT & SPRS,2024-06-30,1,325.0,337.0,758.0,20
205,CCS EQPT & SPRS,2024-07-31,1,377.0,374.0,755.0,20
205,CCS EQPT & SPRS,2024-08-31,1,346.0,438.0,847.0,20
205,CCS EQPT & SPRS,2024-09-30,1,359.0,377.0,865.0,20
205,CCS EQPT & SPRS,2024-10-31,1,352.0,388.0,903.0,20
205,CCS EQPT & SPRS,2024-11-30,1,347.0,376.0,932.0,20
205,CCS EQPT & SPRS,2024-12-31,1,349.0,361.0,944.0,20
205,CCS EQPT & SPRS,2025-01-31,1,327.0,380.0,997.0,20
205,CCS EQPT & SPRS,2025-02-28,1,363.0,325.0,960.0,20
205,CCS EQPT & SPRS,2025-03-31,1,333.0,392.0,1019.0,20
205,CCS EQPT & SPRS,2025-04-30,1,336.0,368.0,1052.0,20
205,CCS EQPT & SPRS,2025-05-31,1,361.0,313.0,1004.0,20
205,CCS EQPT & SPRS,2025-06-30,1,347.0,397.0,1054.0,20
205,CCS EQPT & SPRS,2025-07-31,1,352.0,384.0,1086.0,20
205,CCS EQPT & SPRS,2025-08-31,1,355.0,401.0,1132.0,20
205,CCS EQPT & SPRS,2025-09-30,0,341.0,341.0,745.0,20
205,CCS EQPT & SPRS,2025-10-31,0,341.0,341.0,482.0,20
208,RSM EQPT & SPRS,2023-11-30,1,1165.0,1156.0,41.0,20
208,RSM EQPT & SPRS,2023-12-31,1,1417.0,1185.0,130.0,20
208,RSM EQPT & SPRS,2024-01-31,1,1458.0,1362.0,215.0,20
208,RSM EQPT & SPRS,2024-02-29,1,1378.0,1615.0,486.0,20
208,RSM EQPT & SPRS,2024-03-31,1,1503.0,1613.0,596.0,20
208,RSM EQPT & SPRS,2024-04-30,1,1316.0,1736.0,1016.0,20
208,RSM EQPT & SPRS,2024-05-31,1,1428.0,1669.0,1281.0,20
208,RSM EQPT & SPRS,2024-06-30,1,1099.0,1429.0,1611.0,20
208,RSM EQPT & SPRS,2024-07-31,1,1151.0,1568.0,2040.0,20
208,RSM EQPT & SPRS,2024-08-31,1,1045.0,1118.0,2113.0,20
208,RSM EQPT & SPRS,2024-09-30,1,1194.0,1306.0,2225.0,20
208,RSM EQPT & SPRS,2024-10-31,1,1345.0,1069.0,1949.0,20
208,RSM EQPT & SPRS,2024-11-30,1,1549.0,1208.0,1632.0,20
208,RSM EQPT & SPRS,2024-12-31,1,1361.0,1575.0,1846.0,20
208,RSM EQPT & SPRS,2025-01-31,1,1401.0,1948.0,2393.0,20
208,RSM EQPT & SPRS,2025-02-28,1,1463.0,1475.0,2405.0,20
208,RSM EQPT & SPRS,2025-03-31,1,1691.0,1617.0,2331.0,20
208,RSM EQPT & SPRS,2025-04-30,1,1284.0,1509.0,2556.0,20
208,RSM EQPT & SPRS,2025-05-31,1,1291.0,2186.0,3451.0,20
208,RSM EQPT & SPRS,2025-06-30,1,1275.0,1382.0,3558.0,20
208,RSM EQPT & SPRS,2025-07-31,1,1116.0,1553.0,3995.0,20
208,RSM EQPT & SPRS,2025-08-31,1,1303.0,1243.0,3935.0,20
208,RSM EQPT & SPRS,2025-09-30,0,1313.0,1213.0,291.0,20
208,RSM EQPT & SPRS,2025-10-31,0,1313.0,1213.0,0.0,20
209,MER. MILL EQPT&SPRS,2023-11-30,1,941.0,1171.0,230.0,5
209,MER. MILL EQPT&SPRS,2023-12-31,1,902.0,1164.0,501.0,5
209,MER. MILL EQPT&SPRS,2024-01-31,1,1004.0,944.0,462.0,5
209,MER. MILL EQPT&SPRS,2024-02-29,1,934.0,965.0,511.0,5
209,MER. MILL EQPT&SPRS,2024-03-31,1,776.0,1165.0,900.0,5
209,MER. MILL EQPT&SPRS,2024-04-30,1,883.0,1028.0,1045.0,5
209,MER. MILL EQPT&SPRS,2024-05-31,1,930.0,811.0,926.0,5
209,MER. MILL EQPT&SPRS,2024-06-30,1,897.0,1080.0,1109.0,5
209,MER. MILL EQPT&SPRS,2024-07-31,1,763.0,933.0,1279.0,5
209,MER. MILL EQPT&SPRS,2024-08-31,1,747.0,1086.0,1618.0,5
209,MER. MILL EQPT&SPRS,2024-09-30,1,777.0,915.0,1756.0,5
209,MER. MILL EQPT&SPRS,2024-10-31,1,787.0,887.0,1856.0,5
209,MER. MILL EQPT&SPRS,2024-11-30,1,687.0,796.0,1965.0,5
209,MER. MILL EQPT&SPRS,2024-12-31,1,851.0,806.0,1920.0,5
209,MER. MILL EQPT&SPRS,2025-01-31,1,1048.0,835.0,1707.0,5
209,MER. MILL EQPT&SPRS,2025-02-28,1,931.0,879.0,1655.0,5
209,MER. MILL EQPT&SPRS,2025-03-31,1,892.0,1308.0,2071.0,5
209,MER. MILL EQPT&SPRS,2025-04-30,1,796.0,1063.0,2338.0,5
209,MER. MILL EQPT&SPRS,2025-05-31,1,856.0,937.0,2419.0,5
209,MER. MILL EQPT&SPRS,2025-06-30,1,821.0,779.0,2377.0,5
209,MER. MILL EQPT&SPRS,2025-07-31,1,739.0,843.0,2481.0,5
209,MER. MILL EQPT&SPRS,2025-08-31,1,666.0,940.0,2755.0,5
209,MER. MILL EQPT&SPRS,2025-09-30,0,850.0,850.0,125.0,5
209,MER. MILL EQPT&SPRS,2025-10-31,0,850.0,850.0,125.0,5
210,WRM EQPT & SPRS,2023-11-30,1,757.0,826.0,101.0,44
210,WRM EQPT & SPRS,2023-12-31,1,730.0,830.0,222.0,44
210,WRM EQPT & SPRS,2024-01-31,1,751.0,771.0,271.0,44
210,WRM EQPT & SPRS,2024-02-29,1,817.0,796.0,287.0,44
210,WRM EQPT & SPRS,2024-03-31,1,819.0,841.0,323.0,44
210,WRM EQPT & SPRS,2024-04-30,1,824.0,898.0,426.0,44
210,WRM EQPT & SPRS,2024-05-31,1,819.0,920.0,533.0,44
210,WRM EQPT & SPRS,2024-06-30,1,766.0,883.0,650.0,44
210,WRM EQPT & SPRS,2024-07-31,1,772.0,939.0,818.0,44
210,WRM EQPT & SPRS,2024-08-31,1,746.0,897.0,969.0,44
210,WRM EQPT & SPRS,2024-09-30,1,789.0,812.0,992.0,44
210,WRM EQPT & SPRS,2024-10-31,1,761.0,861.0,1092.0,44
210,WRM EQPT & SPRS,2024-11-30,1,776.0,872.0,1188.0,44
210,WRM EQPT & SPRS,2024-12-31,1,821.0,824.0,1191.0,44
210,WRM EQPT & SPRS,2025-01-31,1,818.0,782.0,1155.0,44
210,WRM EQPT & SPRS,2025-02-28,1,828.0,919.0,1246.0,44
210,WRM EQPT & SPRS,2025-03-31,1,816.0,908.0,1338.0,44
210,WRM EQPT & SPRS,2025-04-30,1,840.0,922.0,1420.0,44
210,WRM EQPT & SPRS,2025-05-31,1,856.0,908.0,1472.0,44
210,WRM EQPT & SPRS,2025-06-30,1,819.0,924.0,1577.0,44
210,WRM EQPT & SPRS,2025-07-31,1,839.0,869.0,1607.0,44
210,WRM EQPT & SPRS,2025-08-31,1,802.0,847.0,1652.0,44
210,WRM EQPT & SPRS,2025-09-30,0,764.0,829.0,65.0,44
210,WRM EQPT & SPRS,2025-10-31,0,764.0,829.0,67.0,44
211,PLATE MILL EQPT&SPRS,2023-11-30,1,3179.0,3590.0,3846.0,34
211,PLATE MILL EQPT&SPRS,2023-12-31,1,2957.0,3144.0,4195.0,34
211,PLATE MILL EQPT&SPRS,2024-01-31,1,2869.0,3932.0,5375.0,34
211,PLATE MILL EQPT&SPRS,2024-02-29,1,2257.0,3096.0,6248.0,34
211,PLATE MILL EQPT&SPRS,2024-03-31,1,2769.0,2685.0,6203.0,34
211,PLATE MILL EQPT&SPRS,2024-04-30,1,3144.0,2754.0,5814.0,34
211,PLATE MILL EQPT&SPRS,2024-05-31,1,3054.0,2979.0,5739.0,34
211,PLATE MILL EQPT&SPRS,2024-06-30,1,2847.0,3638.0,6530.0,34
211,PLATE MILL EQPT&SPRS,2024-07-31,1,3302.0,3170.0,6398.0,34
211,PLATE MILL EQPT&SPRS,2024-08-31,1,3251.0,3424.0,6571.0,34
211,PLATE MILL EQPT&SPRS,2024-09-30,1,3142.0,3634.0,7063.0,34
211,PLATE MILL EQPT&SPRS,2024-10-31,1,3310.0,3393.0,7148.0,34
211,PLATE MILL EQPT&SPRS,2024-11-30,1,3157.0,3248.0,7251.0,34
211,PLATE MILL EQPT&SPRS,2024-12-31,1,2670.0,3517.0,8098.0,34
211,PLATE MILL EQPT&SPRS,2025-01-31,1,3052.0,3042.0,8088.0,34
211,PLATE MILL EQPT&SPRS,2025-02-28,1,2794.0,3052.0,8346.0,34
211,PLATE MILL EQPT&SPRS,2025-03-31,1,2728.0,3591.0,9209.0,34
211,PLATE MILL EQPT&SPRS,2025-04-30,1,3094.0,3381.0,9496.0,34
211,PLATE MILL EQPT&SPRS,2025-05-31,1,3017.0,3001.0,9480.0,34
211,PLATE MILL EQPT&SPRS,2025-06-30,1,3327.0,2976.0,9129.0,34
211,PLATE MILL EQPT&SPRS,2025-07-31,1,3271.0,3526.0,9384.0,34
211,PLATE MILL EQPT&SPRS,2025-08-31,1,3408.0,3578.0,9554.0,34
211,PLATE MILL EQPT&SPRS,2025-09-30,0,2998.7,2977.7,4161.7,34
211,PLATE MILL EQPT&SPRS,2025-10-31,0,2998.7,2977.7,3296.0,34
352,ACVS&CAS EQPT&SPRS,2023-11-30,1,71.0,87.0,1152.0,9
352,ACVS&CAS EQPT&SPRS,2023-12-31,1,73.0,76.0,1156.0,9
352,ACVS&CAS EQPT&SPRS,2024-01-31,1,69.0,80.0,1168.0,9
352,ACVS&CAS EQPT&SPRS,2024-02-29,1,70.0,74.0,1172.0,9
352,ACVS&CAS EQPT&SPRS,2024-03-31,1,61.0,76.0,1187.0,9
352,ACVS&CAS EQPT&SPRS,2024-04-30,1,63.0,67.0,1192.0,9
352,ACVS&CAS EQPT&SPRS,2024-05-31,1,61.0,59.0,1190.0,9
352,ACVS&CAS EQPT&SPRS,2024-06-30,1,59.0,72.0,1203.0,9
352,ACVS&CAS EQPT&SPRS,2024-07-31,1,64.0,67.0,1206.0,9
352,ACVS&CAS EQPT&SPRS,2024-08-31,1,65.0,70.0,1211.0,9
352,ACVS&CAS EQPT&SPRS,2024-09-30,1,64.0,73.0,1220.0,9
352,ACVS&CAS EQPT&SPRS,2024-10-31,1,72.0,73.0,1222.0,9
352,ACVS&CAS EQPT&SPRS,2024-11-30,1,69.0,82.0,1235.0,9
352,ACVS&CAS EQPT&SPRS,2024-12-31,1,72.0,76.0,1239.0,9
352,ACVS&CAS EQPT&SPRS,2025-01-31,1,74.0,84.0,1249.0,9
352,ACVS&CAS EQPT&SPRS,2025-02-28,1,68.0,84.0,1265.0,9
352,ACVS&CAS EQPT&SPRS,2025-03-31,1,64.0,77.0,1278.0,9
352,ACVS&CAS EQPT&SPRS,2025-04-30,1,75.0,62.0,1265.0,9
352,ACVS&CAS EQPT&SPRS,2025-05-31,1,66.0,82.0,1281.0,9
352,ACVS&CAS EQPT&SPRS,2025-06-30,1,63.0,79.0,1297.0,9
352,ACVS&CAS EQPT&SPRS,2025-07-31,1,65.0,67.0,1299.0,9
352,ACVS&CAS EQPT&SPRS,2025-08-31,1,64.0,71.0,1306.0,9
352,ACVS&CAS EQPT&SPRS,2025-09-30,0,64.0,65.0,1156.0,9
352,ACVS&CAS EQPT&SPRS,2025-10-31,0,64.0,65.0,1148.0,9
354,WATER SUP EQPT&SPRS,2023-11-30,1,18.0426,15.5899,0.0,1
354,WATER SUP EQPT&SPRS,2023-12-31,1,16.8269,22.4075,5.5806,1
354,WATER SUP EQPT&SPRS,2024-01-31,1,25.1143,22.2527,2.719,1
354,WATER SUP EQPT&SPRS,2024-02-29,1,23.9281,26.7405,5.5314,1
354,WATER SUP EQPT&SPRS,2024-03-31,1,26.9405,23.2884,1.8793,1
354,WATER SUP EQPT&SPRS,2024-04-30,1,21.1924,29.0506,9.7375,1
354,WATER SUP EQPT&SPRS,2024-05-31,1,22.7229,25.3828,12.3974,1
354,WATER SUP EQPT&SPRS,2024-06-30,1,22.7104,30.2549,19.9419,1
354,WATER SUP EQPT&SPRS,2024-07-31,1,20.1164,26.2408,26.0663,1
354,WATER SUP EQPT&SPRS,2024-08-31,1,24.6432,17.2134,18.6365,1
354,WATER SUP EQPT&SPRS,2024-09-30,1,25.0964,25.8949,19.435,1
354,WATER SUP EQPT&SPRS,2024-10-31,1,18.3285,30.5922,31.6987,1
354,WATER SUP EQPT&SPRS,2024-11-30,1,21.7015,25.03,35.0272,1
354,WATER SUP EQPT&SPRS,2024-12-31,1,20.9018,19.7548,33.8802,1
354,WATER SUP EQPT&SPRS,2025-01-31,1,21.4582,22.3318,34.7538,1
354,WATER SUP EQPT&SPRS,2025-02-28,1,17.8744,25.5884,42.4678,1
354,WATER SUP EQPT&SPRS,2025-03-31,1,15.886,18.9275,45.5093,1
354,WATER SUP EQPT&SPRS,2025-04-30,1,10.6029,17.6551,52.5615,1
354,WATER SUP EQPT&SPRS,2025-05-31,1,17.8537,9.3322,44.04,1
354,WATER SUP EQPT&SPRS,2025-06-30,1,17.763,22.9638,49.2408,1
354,WATER SUP EQPT&SPRS,2025-07-31,1,19.1045,21.7133,51.8496,1
354,WATER SUP EQPT&SPRS,2025-08-31,1,18.5401,18.4009,51.7104,1
354,WATER SUP EQPT&SPRS,2025-09-30,0,19.7,12.7,19.7,1
354,WATER SUP EQPT&SPRS,2025-10-31,0,19.7,12.7,0.0,1
401,LOCOMOTIVES & SPRS,2023-11-30,1,42.0,43.0,129.0,2
401,LOCOMOTIVES & SPRS,2023-12-31,1,43.0,43.0,129.0,2
401,LOCOMOTIVES & SPRS,2024-01-31,1,52.0,57.0,134.0,2
401,LOCOMOTIVES & SPRS,2024-02-29,1,35.0,53.0,152.0,2
401,LOCOMOTIVES & SPRS,2024-03-31,1,43.0,30.0,139.0,2
401,LOCOMOTIVES & SPRS,2024-04-30,1,39.0,57.0,157.0,2
401,LOCOMOTIVES & SPRS,2024-05-31,1,43.0,51.0,165.0,2
401,LOCOMOTIVES & SPRS,2024-06-30,1,32.0,42.0,175.0,2
401,LOCOMOTIVES & SPRS,2024-07-31,1,31.0,40.0,184.0,2
401,LOCOMOTIVES & SPRS,2024-08-31,1,34.0,31.0,181.0,2
401,LOCOMOTIVES & SPRS,2024-09-30,1,45.0,31.0,167.0,2
401,LOCOMOTIVES & SPRS,2024-10-31,1,53.0,52.0,166.0,2
401,LOCOMOTIVES & SPRS,2024-11-30,1,26.0,66.0,206.0,2
401,LOCOMOTIVES & SPRS,2024-12-31,1,59.0,33.0,180.0,2
401,LOCOMOTIVES & SPRS,2025-01-31,1,42.0,51.0,189.0,2
401,LOCOMOTIVES & SPRS,2025-02-28,1,41.0,58.0,206.0,2
401,LOCOMOTIVES & SPRS,2025-03-31,1,45.0,45.0,206.0,2
401,LOCOMOTIVES & SPRS,2025-04-30,1,44.0,58.0,220.0,2
401,LOCOMOTIVES & SPRS,2025-05-31,1,54.0,41.0,207.0,2
401,LOCOMOTIVES & SPRS,2025-06-30,1,35.0,56.0,228.0,2
401,LOCOMOTIVES & SPRS,2025-07-31,1,30.0,38.0,236.0,2
401,LOCOMOTIVES & SPRS,2025-08-31,1,40.0,31.0,227.0,2
401,LOCOMOTIVES & SPRS,2025-09-30,0,41.0,84.0,227.0,2
401,LOCOMOTIVES & SPRS,2025-10-31,0,41.0,84.0,269.0,2
402,LM VEH. & SPRS.,2023-11-30,1,2228.0,2459.0,353.0,159
402,LM VEH. & SPRS.,2023-12-31,1,2221.0,2440.0,648.0,159
402,LM VEH. & SPRS.,2024-01-31,1,2190.0,2320.0,848.0,159
402,LM VEH. & SPRS.,2024-02-29,1,2234.0,2456.0,1089.0,159
402,LM VEH. & SPRS.,2024-03-31,1,2129.0,2606.0,1593.0,159
402,LM VEH. & SPRS.,2024-04-30,1,2020.0,2410.0,2003.0,159
402,LM VEH. & SPRS.,2024-05-31,1,2079.0,2271.0,2210.0,159
402,LM VEH. & SPRS.,2024-06-30,1,2017.0,2359.0,2559.0,159
402,LM VEH. & SPRS.,2024-07-31,1,2034.0,2222.0,2757.0,159
402,LM VEH. & SPRS.,2024-08-31,1,2113.0,2444.0,3088.0,159
402,LM VEH. & SPRS.,2024-09-30,1,2264.0,2205.0,3046.0,159
402,LM VEH. & SPRS.,2024-10-31,1,2338.0,2462.0,3170.0,159
402,LM VEH. & SPRS.,2024-11-30,1,2271.0,2535.0,3435.0,159
402,LM VEH. & SPRS.,2024-12-31,1,2141.0,2430.0,3724.0,159
402,LM VEH. & SPRS.,2025-01-31,1,2312.0,2498.0,3911.0,159
402,LM VEH. & SPRS.,2025-02-28,1,2189.0,2496.0,4218.0,159
402,LM VEH. & SPRS.,2025-03-31,1,2111.0,2618.0,4726.0,159
402,LM VEH. & SPRS.,2025-04-30,1,2024.0,2128.0,4830.0,159
402,LM VEH. & SPRS.,2025-05-31,1,2169.0,2337.0,4998.0,159
402,LM VEH. & SPRS.,2025-06-30,1,2032.0,2273.0,5239.0,159
402,LM VEH. & SPRS.,2025-07-31,1,2174.0,2160.0,5225.0,159
402,LM VEH. & SPRS.,2025-08-31,1,2157.0,2311.0,5379.0,159
402,LM VEH. & SPRS.,2025-09-30,0,2119.0,2109.0,234.0,159
402,LM VEH. & SPRS.,2025-10-31,0,2119.0,2109.0,183.0,159
426,PP EQPT. & SPARES,2023-11-30,1,3.0,4.0,3.0,2
426,PP EQPT. & SPARES,2023-12-31,1,2.0,3.0,4.0,2
426,PP EQPT. & SPARES,2024-01-31,1,2.0,3.0,5.0,2
426,PP EQPT. & SPARES,2024-02-29,1,2.0,2.0,5.0,2
426,PP EQPT. & SPARES,2024-03-31,1,2.0,2.0,5.0,2
426,PP EQPT. & SPARES,2024-04-30,1,2.0,2.0,5.0,2
426,PP EQPT. & SPARES,2024-05-31,1,2.0,2.0,5.0,2
426,PP EQPT. & SPARES,2024-06-30,1,2.0,2.0,5.0,2
426,PP EQPT. & SPARES,2024-07-31,1,2.0,2.0,5.0,2
426,PP EQPT. & SPARES,2024-08-31,1,2.0,2.0,5.0,2
426,PP EQPT. & SPARES,2024-09-30,1,2.0,2.0,5.0,2
426,PP EQPT. & SPARES,2024-10-31,1,2.0,2.0,5.0,2
426,PP EQPT. & SPARES,2024-11-30,1,2.0,2.0,5.0,2
426,PP EQPT. & SPARES,2024-12-31,1,2.0,2.0,5.0,2
426,PP EQPT. & SPARES,2025-01-31,1,2.0,2.0,5.0,2
426,PP EQPT. & SPARES,2025-02-28,1,2.0,2.0,5.0,2
426,PP EQPT. & SPARES,2025-03-31,1,2.0,2.0,5.0,2
426,PP EQPT. & SPARES,2025-04-30,1,2.0,2.0,5.0,2
426,PP EQPT. & SPARES,2025-05-31,1,2.0,2.0,5.0,2
426,PP EQPT. & SPARES,2025-06-30,1,2.0,2.0,5.0,2
426,PP EQPT. & SPARES,2025-07-31,1,2.0,2.0,5.0,2
426,PP EQPT. & SPARES,2025-08-31,1,2.0,2.0,5.0,2
426,PP EQPT. & SPARES,2025-09-30,0,2.0,4.0,4.0,2
426,PP EQPT. & SPARES,2025-10-31,0,2.0,4.0,2.0,2
451,BELT AND BELTINGS,2023-11-30,1,10019.6903,10717.258,27328.4724,52
451,BELT AND BELTINGS,2023-12-31,1,9143.8537,12183.9524,30368.5711,52
451,BELT AND BELTINGS,2024-01-31,1,9086.2596,10323.3594,31605.670899999997,52
451,BELT AND BELTINGS,2024-02-29,1,8863.638,10318.2427,33108.2756,52
451,BELT AND BELTINGS,2024-03-31,1,9533.8229,10004.0704,33588.5231,52
451,BELT AND BELTINGS,2024-04-30,1,10686.281500000001,9824.524000000001,32729.7656,52
451,BELT AND BELTINGS,2024-05-31,1,10073.3629,10875.3367,33558.0866,52
451,BELT AND BELTINGS,2024-06-30,1,10005.0888,10685.5698,34549.311,52
451,BELT AND BELTINGS,2024-07-31,1,9989.3888,11003.5442,35608.2404,52
451,BELT AND BELTINGS,2024-08-31,1,11641.8887,11234.919600000001,35263.2637,52
451,BELT AND BELTINGS,2024-09-30,1,12015.2888,11974.0605,35222.0354,52
451,BELT AND BELTINGS,2024-10-31,1,9444.2734,12022.0339,37799.7959,52
451,BELT AND BELTINGS,2024-11-30,1,9590.5196,13309.3958,41518.672099999996,52
451,BELT AND BELTINGS,2024-12-31,1,9069.1811,10282.5905,42732.0815,52
451,BELT AND BELTINGS,2025-01-31,1,8461.9692,10073.4945,44343.6068,52
451,BELT AND BELTINGS,2025-02-28,1,8987.6415,10379.2885,45735.2538,52
451,BELT AND BELTINGS,2025-03-31,1,9962.7626,11012.0165,46784.5077,52
451,BELT AND BELTINGS,2025-04-30,1,10396.6469,10039.357100000001,46427.217899999996,52
451,BELT AND BELTINGS,2025-05-31,1,11111.6608,12041.5439,47357.101,52
451,BELT AND BELTINGS,2025-06-30,1,11854.9781,11522.280499999999,47024.403399999996,52
451,BELT AND BELTINGS,2025-07-31,1,12188.1361,12688.213600000001,47524.4809,52
451,BELT AND BELTINGS,2025-08-31,1,10972.3068,13172.644,49724.8181,52
451,BELT AND BELTINGS,2025-09-30,0,9909.0,16575.0,42373.0,52
451,BELT AND BELTINGS,2025-10-31,0,9909.0,16575.0,42139.0,52
452,GEAR BOXES & SPARES,2023-11-30,1,183.0,200.0,34.0,37
452,GEAR BOXES & SPARES,2023-12-31,1,168.0,207.0,79.0,37
452,GEAR BOXES & SPARES,2024-01-31,1,177.0,186.0,92.0,37
452,GEAR BOXES & SPARES,2024-02-29,1,186.0,186.0,98.0,37
452,GEAR BOXES & SPARES,2024-03-31,1,187.0,188.0,102.0,37
452,GEAR BOXES & SPARES,2024-04-30,1,175.0,207.0,137.0,37
452,GEAR BOXES & SPARES,2024-05-31,1,170.0,218.0,186.0,37
452,GEAR BOXES & SPARES,2024-06-30,1,184.0,190.0,192.0,37
452,GEAR BOXES & SPARES,2024-07-31,1,180.0,199.0,212.0,37
452,GEAR BOXES & SPARES,2024-08-31,1,184.0,195.0,223.0,37
452,GEAR BOXES & SPARES,2024-09-30,1,173.0,195.0,245.0,37
452,GEAR BOXES & SPARES,2024-10-31,1,180.0,192.0,257.0,37
452,GEAR BOXES & SPARES,2024-11-30,1,176.0,196.0,277.0,37
452,GEAR BOXES & SPARES,2024-12-31,1,182.0,188.0,284.0,37
452,GEAR BOXES & SPARES,2025-01-31,1,186.0,205.0,303.0,37
452,GEAR BOXES & SPARES,2025-02-28,1,184.0,206.0,325.0,37
452,GEAR BOXES & SPARES,2025-03-31,1,184.0,194.0,335.0,37
452,GEAR BOXES & SPARES,2025-04-30,1,185.0,197.0,347.0,37
452,GEAR BOXES & SPARES,2025-05-31,1,188.0,221.0,380.0,37
452,GEAR BOXES & SPARES,2025-06-30,1,177.0,200.0,403.0,37
452,GEAR BOXES & SPARES,2025-07-31,1,177.0,207.0,433.0,37
452,GEAR BOXES & SPARES,2025-08-31,1,183.0,173.0,423.0,37
452,GEAR BOXES & SPARES,2025-09-30,0,175.0,175.0,143.0,37
452,GEAR BOXES & SPARES,2025-10-31,0,175.0,175.0,8.0,37
453,COUPLINGS &  SPARES,2023-11-30,1,386.0,472.0,90.0,27
453,COUPLINGS &  SPARES,2023-12-31,1,392.0,389.0,107.0,27
453,COUPLINGS &  SPARES,2024-01-31,1,401.0,426.0,149.0,27
453,COUPLINGS &  SPARES,2024-02-29,1,413.0,423.0,205.0,27
453,COUPLINGS &  SPARES,2024-03-31,1,390.0,500.0,316.0,27
453,COUPLINGS &  SPARES,2024-04-30,1,392.0,411.0,338.0,27
453,COUPLINGS &  SPARES,2024-05-31,1,398.0,474.0,414.0,27
453,COUPLINGS &  SPARES,2024-06-30,1,396.0,391.0,410.0,27
453,COUPLINGS &  SPARES,2024-07-31,1,383.0,454.0,481.0,27
453,COUPLINGS &  SPARES,2024-08-31,1,418.0,441.0,507.0,27
453,COUPLINGS &  SPARES,2024-09-30,1,418.0,443.0,544.0,27
453,COUPLINGS &  SPARES,2024-10-31,1,410.0,455.0,591.0,27
453,COUPLINGS &  SPARES,2024-11-30,1,416.0,493.0,668.0,27
453,COUPLINGS &  SPARES,2024-12-31,1,409.0,495.0,754.0,27
453,COUPLINGS &  SPARES,2025-01-31,1,405.0,464.0,813.0,27
453,COUPLINGS &  SPARES,2025-02-28,1,385.0,440.0,868.0,27
453,COUPLINGS &  SPARES,2025-03-31,1,381.0,395.0,882.0,27
453,COUPLINGS &  SPARES,2025-04-30,1,408.0,428.0,902.0,27
453,COUPLINGS &  SPARES,2025-05-31,1,407.0,428.0,923.0,27
453,COUPLINGS &  SPARES,2025-06-30,1,388.0,417.0,952.0,27
453,COUPLINGS &  SPARES,2025-07-31,1,381.0,428.0,999.0,27
453,COUPLINGS &  SPARES,2025-08-31,1,414.0,403.0,988.0,27
453,COUPLINGS &  SPARES,2025-09-30,0,389.0,399.0,46.0,27
453,COUPLINGS &  SPARES,2025-10-31,0,389.0,399.0,22.0,27
454,PULLEYS & ACCESSOR.,2023-11-30,1,17.0,19.0,3.0,3
454,PULLEYS & ACCESSOR.,2023-12-31,1,17.0,18.0,6.0,3
454,PULLEYS & ACCESSOR.,2024-01-31,1,15.0,19.0,10.0,3
454,PULLEYS & ACCESSOR.,2024-02-29,1,16.0,19.0,13.0,3
454,PULLEYS & ACCESSOR.,2024-03-31,1,17.0,16.0,12.0,3
454,PULLEYS & ACCESSOR.,2024-04-30,1,14.0,18.0,16.0,3
454,PULLEYS & ACCESSOR.,2024-05-31,1,18.0,18.0,16.0,3
454,PULLEYS & ACCESSOR.,2024-06-30,1,16.0,15.0,15.0,3
454,PULLEYS & ACCESSOR.,2024-07-31,1,18.0,19.0,16.0,3
454,PULLEYS & ACCESSOR.,2024-08-31,1,15.0,19.0,20.0,3
454,PULLEYS & ACCESSOR.,2024-09-30,1,17.0,18.0,21.0,3
454,PULLEYS & ACCESSOR.,2024-10-31,1,19.0,16.0,18.0,3
454,PULLEYS & ACCESSOR.,2024-11-30,1,20.0,22.0,20.0,3
454,PULLEYS & ACCESSOR.,2024-12-31,1,16.0,20.0,24.0,3
454,PULLEYS & ACCESSOR.,2025-01-31,1,18.0,17.0,23.0,3
454,PULLEYS & ACCESSOR.,2025-02-28,1,15.0,16.0,24.0,3
454,PULLEYS & ACCESSOR.,2025-03-31,1,16.0,17.0,25.0,3
454,PULLEYS & ACCESSOR.,2025-04-30,1,16.0,16.0,25.0,3
454,PULLEYS & ACCESSOR.,2025-05-31,1,13.0,19.0,31.0,3
454,PULLEYS & ACCESSOR.,2025-06-30,1,15.0,15.0,31.0,3
454,PULLEYS & ACCESSOR.,2025-07-31,1,16.0,16.0,31.0,3
454,PULLEYS & ACCESSOR.,2025-08-31,1,18.0,14.0,27.0,3
454,PULLEYS & ACCESSOR.,2025-09-30,0,16.0,16.0,0.0,3
454,PULLEYS & ACCESSOR.,2025-10-31,0,16.0,16.0,0.0,3
501,MOTORS,2023-11-30,1,32.0,39.0,10.0,7
501,MOTORS,2023-12-31,1,31.0,36.0,15.0,7
501,MOTORS,2024-01-31,1,30.0,33.0,18.0,7
501,MOTORS,2024-02-29,1,32.0,37.0,23.0,7
501,MOTORS,2024-03-31,1,38.0,32.0,17.0,7
501,MOTORS,2024-04-30,1,34.0,40.0,23.0,7
501,MOTORS,2024-05-31,1,37.0,41.0,27.0,7
501,MOTORS,2024-06-30,1,31.0,39.0,35.0,7
501,MOTORS,2024-07-31,1,35.0,37.0,37.0,7
501,MOTORS,2024-08-31,1,35.0,38.0,40.0,7
501,MOTORS,2024-09-30,1,32.0,33.0,41.0,7
501,MOTORS,2024-10-31,1,30.0,36.0,47.0,7
501,MOTORS,2024-11-30,1,32.0,31.0,46.0,7
501,MOTORS,2024-12-31,1,30.0,35.0,51.0,7
501,MOTORS,2025-01-31,1,33.0,34.0,52.0,7
501,MOTORS,2025-02-28,1,30.0,34.0,56.0,7
501,MOTORS,2025-03-31,1,32.0,32.0,56.0,7
501,MOTORS,2025-04-30,1,35.0,35.0,56.0,7
501,MOTORS,2025-05-31,1,32.0,32.0,56.0,7
501,MOTORS,2025-06-30,1,37.0,40.0,59.0,7
501,MOTORS,2025-07-31,1,39.0,36.0,56.0,7
501,MOTORS,2025-08-31,1,37.0,47.0,66.0,7
501,MOTORS,2025-09-30,0,32.0,32.0,18.0,7
501,MOTORS,2025-10-31,0,32.0,32.0,4.0,7
503,CIRCUIT BREAKERS,2023-11-30,1,859.0,913.0,2520.0,90
503,CIRCUIT BREAKERS,2023-12-31,1,840.0,940.0,2639.0,90
503,CIRCUIT BREAKERS,2024-01-31,1,855.0,975.0,2768.0,90
503,CIRCUIT BREAKERS,2024-02-29,1,849.0,921.0,2849.0,90
503,CIRCUIT BREAKERS,2024-03-31,1,877.0,949.0,2945.0,90
503,CIRCUIT BREAKERS,2024-04-30,1,933.0,955.0,2981.0,90
503,CIRCUIT BREAKERS,2024-05-31,1,849.0,953.0,3109.0,90
503,CIRCUIT BREAKERS,2024-06-30,1,875.0,1003.0,3236.0,90
503,CIRCUIT BREAKERS,2024-07-31,1,825.0,992.0,3403.0,90
503,CIRCUIT BREAKERS,2024-08-31,1,884.0,918.0,3437.0,90
503,CIRCUIT BREAKERS,2024-09-30,1,901.0,950.0,3487.0,90
503,CIRCUIT BREAKERS,2024-10-31,1,850.0,971.0,3609.0,90
503,CIRCUIT BREAKERS,2024-11-30,1,833.0,915.0,3691.0,90
503,CIRCUIT BREAKERS,2024-12-31,1,868.0,940.0,3762.0,90
503,CIRCUIT BREAKERS,2025-01-31,1,861.0,959.0,3861.0,90
503,CIRCUIT BREAKERS,2025-02-28,1,905.0,981.0,3941.0,90
503,CIRCUIT BREAKERS,2025-03-31,1,825.0,907.0,4023.0,90
503,CIRCUIT BREAKERS,2025-04-30,1,865.0,963.0,4121.0,90
503,CIRCUIT BREAKERS,2025-05-31,1,811.0,1004.0,4314.0,90
503,CIRCUIT BREAKERS,2025-06-30,1,891.0,941.0,4365.0,90
503,CIRCUIT BREAKERS,2025-07-31,1,864.0,957.0,4457.0,90
503,CIRCUIT BREAKERS,2025-08-31,1,915.0,960.0,4503.0,90
503,CIRCUIT BREAKERS,2025-09-30,0,828.0,1219.0,4042.5,90
503,CIRCUIT BREAKERS,2025-10-31,0,828.0,1219.0,3379.5,90
504,CONTACTORS,2023-11-30,1,579.0,607.0,1115.0,72
504,CONTACTORS,2023-12-31,1,564.0,621.0,1194.0,72
504,CONTACTORS,2024-01-31,1,546.0,623.0,1274.0,72
504,CONTACTORS,2024-02-29,1,543.0,617.0,1349.0,72
504,CONTACTORS,2024-03-31,1,563.0,608.0,1394.0,72
504,CONTACTORS,2024-04-30,1,524.0,593.0,1463.0,72
504,CONTACTORS,2024-05-31,1,568.0,603.0,1499.0,72
504,CONTACTORS,2024-06-30,1,591.0,639.0,1547.0,72
504,CONTACTORS,2024-07-31,1,631.0,658.0,1574.0,72
504,CONTACTORS,2024-08-31,1,561.0,729.0,1742.0,72
504,CONTACTORS,2024-09-30,1,604.0,610.0,1748.0,72
504,CONTACTORS,2024-10-31,1,601.0,606.0,1753.0,72
504,CONTACTORS,2024-11-30,1,574.0,668.0,1847.0,72
504,CONTACTORS,2024-12-31,1,575.0,626.0,1898.0,72
504,CONTACTORS,2025-01-31,1,545.0,609.0,1962.0,72
504,CONTACTORS,2025-02-28,1,588.0,588.0,1962.0,72
504,CONTACTORS,2025-03-31,1,597.0,655.0,2020.0,72
504,CONTACTORS,2025-04-30,1,560.0,632.0,2092.0,72
504,CONTACTORS,2025-05-31,1,560.0,650.0,2182.0,72
504,CONTACTORS,2025-06-30,1,565.0,617.0,2234.0,72
504,CONTACTORS,2025-07-31,1,543.0,605.0,2296.0,72
504,CONTACTORS,2025-08-31,1,622.0,598.0,2272.0,72
504,CONTACTORS,2025-09-30,0,561.0,1000.0,2032.0,72
504,CONTACTORS,2025-10-31,0,561.0,1000.0,2065.0,72
505,"RESISTNCES,RHEOSTATS",2023-11-30,1,119.0,124.0,2934.0,1
505,"RESISTNCES,RHEOSTATS",2023-12-31,1,166.0,98.0,2866.0,1
505,"RESISTNCES,RHEOSTATS",2024-01-31,1,207.0,213.0,2872.0,1
505,"RESISTNCES,RHEOSTATS",2024-02-29,1,141.0,288.0,3019.0,1
505,"RESISTNCES,RHEOSTATS",2024-03-31,1,175.0,190.0,3034.0,1
505,"RESISTNCES,RHEOSTATS",2024-04-30,1,112.0,159.0,3081.0,1
505,"RESISTNCES,RHEOSTATS",2024-05-31,1,141.0,139.0,3079.0,1
505,"RESISTNCES,RHEOSTATS",2024-06-30,1,175.0,167.0,3071.0,1
505,"RESISTNCES,RHEOSTATS",2024-07-31,1,124.0,197.0,3144.0,1
505,"RESISTNCES,RHEOSTATS",2024-08-31,1,118.0,105.0,3131.0,1
505,"RESISTNCES,RHEOSTATS",2024-09-30,1,116.0,124.0,3139.0,1
505,"RESISTNCES,RHEOSTATS",2024-10-31,1,179.0,141.0,3101.0,1
505,"RESISTNCES,RHEOSTATS",2024-11-30,1,157.0,188.0,3132.0,1
505,"RESISTNCES,RHEOSTATS",2024-12-31,1,163.0,194.0,3163.0,1
505,"RESISTNCES,RHEOSTATS",2025-01-31,1,127.0,200.0,3236.0,1
505,"RESISTNCES,RHEOSTATS",2025-02-28,1,193.0,110.0,3153.0,1
505,"RESISTNCES,RHEOSTATS",2025-03-31,1,169.0,188.0,3172.0,1
505,"RESISTNCES,RHEOSTATS",2025-04-30,1,165.0,230.0,3237.0,1
505,"RESISTNCES,RHEOSTATS",2025-05-31,1,215.0,215.0,3237.0,1
505,"RESISTNCES,RHEOSTATS",2025-06-30,1,170.0,273.0,3340.0,1
505,"RESISTNCES,RHEOSTATS",2025-07-31,1,156.0,158.0,3342.0,1
505,"RESISTNCES,RHEOSTATS",2025-08-31,1,133.0,208.0,3417.0,1
505,"RESISTNCES,RHEOSTATS",2025-09-30,0,150.0,150.0,3417.0,1
505,"RESISTNCES,RHEOSTATS",2025-10-31,0,150.0,150.0,3267.0,1
506,MASTER CONTR&SWITCH,2023-11-30,1,881.0,980.0,6473.0,38
506,MASTER CONTR&SWITCH,2023-12-31,1,851.0,1062.0,6684.0,38
506,MASTER CONTR&SWITCH,2024-01-31,1,810.0,1060.0,6937.0,38
506,MASTER CONTR&SWITCH,2024-02-29,1,832.0,942.0,7048.0,38
506,MASTER CONTR&SWITCH,2024-03-31,1,801.0,867.0,7114.0,38
506,MASTER CONTR&SWITCH,2024-04-30,1,747.0,888.0,7255.0,38
506,MASTER CONTR&SWITCH,2024-05-31,1,868.0,912.0,7301.0,38
506,MASTER CONTR&SWITCH,2024-06-30,1,824.0,791.0,7268.0,38
506,MASTER CONTR&SWITCH,2024-07-31,1,776.0,1074.0,7566.0,38
506,MASTER CONTR&SWITCH,2024-08-31,1,830.0,934.0,7670.0,38
506,MASTER CONTR&SWITCH,2024-09-30,1,804.0,880.0,7746.0,38
506,MASTER CONTR&SWITCH,2024-10-31,1,909.0,865.0,7702.0,38
506,MASTER CONTR&SWITCH,2024-11-30,1,812.0,926.0,7816.0,38
506,MASTER CONTR&SWITCH,2024-12-31,1,842.0,1020.0,7994.0,38
506,MASTER CONTR&SWITCH,2025-01-31,1,834.0,853.0,8013.0,38
506,MASTER CONTR&SWITCH,2025-02-28,1,791.0,902.0,8124.0,38
506,MASTER CONTR&SWITCH,2025-03-31,1,861.0,924.0,8187.0,38
506,MASTER CONTR&SWITCH,2025-04-30,1,841.0,865.0,8211.0,38
506,MASTER CONTR&SWITCH,2025-05-31,1,746.0,951.0,8416.0,38
506,MASTER CONTR&SWITCH,2025-06-30,1,848.0,891.0,8459.0,38
506,MASTER CONTR&SWITCH,2025-07-31,1,761.0,805.0,8503.0,38
506,MASTER CONTR&SWITCH,2025-08-31,1,763.0,1008.0,8748.0,38
506,MASTER CONTR&SWITCH,2025-09-30,0,806.0,1181.0,8722.0,38
506,MASTER CONTR&SWITCH,2025-10-31,0,806.0,1181.0,8031.0,38
507,"TRANSFRMRS, REACTORS",2023-11-30,1,13.0,14.0,46.0,5
507,"TRANSFRMRS, REACTORS",2023-12-31,1,10.0,14.0,50.0,5
507,"TRANSFRMRS, REACTORS",2024-01-31,1,11.0,15.0,54.0,5
507,"TRANSFRMRS, REACTORS",2024-02-29,1,11.0,10.0,53.0,5
507,"TRANSFRMRS, REACTORS",2024-03-31,1,11.0,12.0,54.0,5
507,"TRANSFRMRS, REACTORS",2024-04-30,1,10.0,13.0,57.0,5
507,"TRANSFRMRS, REACTORS",2024-05-31,1,11.0,14.0,60.0,5
507,"TRANSFRMRS, REACTORS",2024-06-30,1,11.0,10.0,59.0,5
507,"TRANSFRMRS, REACTORS",2024-07-31,1,14.0,12.0,57.0,5
507,"TRANSFRMRS, REACTORS",2024-08-31,1,14.0,15.0,58.0,5
507,"TRANSFRMRS, REACTORS",2024-09-30,1,14.0,15.0,59.0,5
507,"TRANSFRMRS, REACTORS",2024-10-31,1,14.0,15.0,60.0,5
507,"TRANSFRMRS, REACTORS",2024-11-30,1,13.0,14.0,61.0,5
507,"TRANSFRMRS, REACTORS",2024-12-31,1,11.0,16.0,66.0,5
507,"TRANSFRMRS, REACTORS",2025-01-31,1,12.0,12.0,66.0,5
507,"TRANSFRMRS, REACTORS",2025-02-28,1,9.0,11.0,68.0,5
507,"TRANSFRMRS, REACTORS",2025-03-31,1,11.0,14.0,71.0,5
507,"TRANSFRMRS, REACTORS",2025-04-30,1,12.0,10.0,69.0,5
507,"TRANSFRMRS, REACTORS",2025-05-31,1,12.0,14.0,71.0,5
507,"TRANSFRMRS, REACTORS",2025-06-30,1,13.0,13.0,71.0,5
507,"TRANSFRMRS, REACTORS",2025-07-31,1,12.0,14.0,73.0,5
507,"TRANSFRMRS, REACTORS",2025-08-31,1,12.0,16.0,77.0,5
507,"TRANSFRMRS, REACTORS",2025-09-30,0,11.0,11.0,71.0,5
507,"TRANSFRMRS, REACTORS",2025-10-31,0,11.0,11.0,65.0,5
509,"BRAKES,SOLENOIDS, ET",2023-11-30,1,35.0,41.0,33.0,8
509,"BRAKES,SOLENOIDS, ET",2023-12-31,1,33.0,38.0,39.0,8
509,"BRAKES,SOLENOIDS, ET",2024-01-31,1,37.0,35.0,38.0,8
509,"BRAKES,SOLENOIDS, ET",2024-02-29,1,32.0,36.0,43.0,8
509,"BRAKES,SOLENOIDS, ET",2024-03-31,1,34.0,40.0,49.0,8
509,"BRAKES,SOLENOIDS, ET",2024-04-30,1,31.0,31.0,49.0,8
509,"BRAKES,SOLENOIDS, ET",2024-05-31,1,31.0,37.0,55.0,8
509,"BRAKES,SOLENOIDS, ET",2024-06-30,1,31.0,33.0,57.0,8
509,"BRAKES,SOLENOIDS, ET",2024-07-31,1,36.0,31.0,52.0,8
509,"BRAKES,SOLENOIDS, ET",2024-08-31,1,32.0,34.0,54.0,8
509,"BRAKES,SOLENOIDS, ET",2024-09-30,1,38.0,37.0,53.0,8
509,"BRAKES,SOLENOIDS, ET",2024-10-31,1,38.0,36.0,51.0,8
509,"BRAKES,SOLENOIDS, ET",2024-11-30,1,34.0,45.0,62.0,8
509,"BRAKES,SOLENOIDS, ET",2024-12-31,1,33.0,40.0,69.0,8
509,"BRAKES,SOLENOIDS, ET",2025-01-31,1,35.0,37.0,71.0,8
509,"BRAKES,SOLENOIDS, ET",2025-02-28,1,29.0,40.0,82.0,8
509,"BRAKES,SOLENOIDS, ET",2025-03-31,1,30.0,36.0,88.0,8
509,"BRAKES,SOLENOIDS, ET",2025-04-30,1,32.0,33.0,89.0,8
509,"BRAKES,SOLENOIDS, ET",2025-05-31,1,35.0,37.0,91.0,8
509,"BRAKES,SOLENOIDS, ET",2025-06-30,1,32.0,34.0,93.0,8
509,"BRAKES,SOLENOIDS, ET",2025-07-31,1,38.0,33.0,88.0,8
509,"BRAKES,SOLENOIDS, ET",2025-08-31,1,36.0,40.0,92.0,8
509,"BRAKES,SOLENOIDS, ET",2025-09-30,0,33.0,38.0,57.0,8
509,"BRAKES,SOLENOIDS, ET",2025-10-31,0,33.0,38.0,43.0,8
510,PROCESS  INSTR.&SPRS,2023-11-30,1,41064.737,43399.878,84429.562,49
510,PROCESS  INSTR.&SPRS,2023-12-31,1,31056.1285,40200.2716,93575.7051,49
510,PROCESS  INSTR.&SPRS,2024-01-31,1,34837.1866,36692.6518,95438.1703,49
510,PROCESS  INSTR.&SPRS,2024-02-29,1,36213.6897,33721.5394,96286.02,49
510,PROCESS  INSTR.&SPRS,2024-03-31,1,38912.7799,40162.581,97535.8211,49
510,PROCESS  INSTR.&SPRS,2024-04-30,1,41720.4343,45839.8571,101655.2439,49
510,PROCESS  INSTR.&SPRS,2024-05-31,1,49045.0775,47508.5115,100118.6779,49
510,PROCESS  INSTR.&SPRS,2024-06-30,1,50382.785,47756.8952,97492.7881,49
510,PROCESS  INSTR.&SPRS,2024-07-31,1,50629.152,49008.1752,95871.8113,49
510,PROCESS  INSTR.&SPRS,2024-08-31,1,49208.706699999995,59308.0514,105971.156,49
510,PROCESS  INSTR.&SPRS,2024-09-30,1,39867.6093,46994.1979,113098.7446,49
510,PROCESS  INSTR.&SPRS,2024-10-31,1,35317.3084,59112.3666,136893.8028,49
510,PROCESS  INSTR.&SPRS,2024-11-30,1,39754.3106,42351.2379,139490.7301,49
510,PROCESS  INSTR.&SPRS,2024-12-31,1,40276.192299999995,37042.052599999995,136256.5904,49
510,PROCESS  INSTR.&SPRS,2025-01-31,1,28949.2659,48384.250700000004,155691.57520000002,49
510,PROCESS  INSTR.&SPRS,2025-02-28,1,33508.262,38677.496,160860.80920000002,49
510,PROCESS  INSTR.&SPRS,2025-03-31,1,38154.6385,32282.175,154988.3457,49
510,PROCESS  INSTR.&SPRS,2025-04-30,1,38475.882,38808.3876,155320.85129999998,49
510,PROCESS  INSTR.&SPRS,2025-05-31,1,48136.4493,42801.7085,149986.1105,49
510,PROCESS  INSTR.&SPRS,2025-06-30,1,45453.365399999995,45210.4823,149745.2274,49
510,PROCESS  INSTR.&SPRS,2025-07-31,1,49707.0518,48844.215,148882.39059999998,49
510,PROCESS  INSTR.&SPRS,2025-08-31,1,51431.668099999995,45109.2775,142560.0,49
510,PROCESS  INSTR.&SPRS,2025-09-30,0,40608.0,42889.0,121087.0,49
510,PROCESS  INSTR.&SPRS,2025-10-31,0,40608.0,42889.0,97256.0,49
511,"PANELS, CNTRL CABINE",2023-11-30,1,276.0,275.0,2576.0,21
511,"PANELS, CNTRL CABINE",2023-12-31,1,245.0,327.0,2658.0,21
511,"PANELS, CNTRL CABINE",2024-01-31,1,272.0,320.0,2706.0,21
511,"PANELS, CNTRL CABINE",2024-02-29,1,232.0,246.0,2720.0,21
511,"PANELS, CNTRL CABINE",2024-03-31,1,258.0,320.0,2782.0,21
511,"PANELS, CNTRL CABINE",2024-04-30,1,255.0,258.0,2785.0,21
511,"PANELS, CNTRL CABINE",2024-05-31,1,279.0,290.0,2796.0,21
511,"PANELS, CNTRL CABINE",2024-06-30,1,277.0,280.0,2799.0,21
511,"PANELS, CNTRL CABINE",2024-07-31,1,298.0,341.0,2842.0,21
511,"PANELS, CNTRL CABINE",2024-08-31,1,277.0,324.0,2889.0,21
511,"PANELS, CNTRL CABINE",2024-09-30,1,279.0,299.0,2909.0,21
511,"PANELS, CNTRL CABINE",2024-10-31,1,285.0,352.0,2976.0,21
511,"PANELS, CNTRL CABINE",2024-11-30,1,292.0,312.0,2996.0,21
511,"PANELS, CNTRL CABINE",2024-12-31,1,280.0,315.0,3031.0,21
511,"PANELS, CNTRL CABINE",2025-01-31,1,281.0,337.0,3087.0,21
511,"PANELS, CNTRL CABINE",2025-02-28,1,246.0,299.0,3140.0,21
511,"PANELS, CNTRL CABINE",2025-03-31,1,297.0,352.0,3195.0,21
511,"PANELS, CNTRL CABINE",2025-04-30,1,258.0,234.0,3171.0,21
511,"PANELS, CNTRL CABINE",2025-05-31,1,282.0,308.0,3197.0,21
511,"PANELS, CNTRL CABINE",2025-06-30,1,280.0,290.0,3207.0,21
511,"PANELS, CNTRL CABINE",2025-07-31,1,306.0,295.0,3196.0,21
511,"PANELS, CNTRL CABINE",2025-08-31,1,329.0,326.0,3193.0,21
511,"PANELS, CNTRL CABINE",2025-09-30,0,261.0,297.0,3193.0,21
511,"PANELS, CNTRL CABINE",2025-10-31,0,261.0,297.0,2932.0,21
512,"BRUSHES, HOLDERS ETC",2023-11-30,1,704.0,845.0,1098.0,14
512,"BRUSHES, HOLDERS ETC",2023-12-31,1,758.0,852.0,1193.0,14
512,"BRUSHES, HOLDERS ETC",2024-01-31,1,823.0,753.0,1123.0,14
512,"BRUSHES, HOLDERS ETC",2024-02-29,1,856.0,800.0,1070.0,14
512,"BRUSHES, HOLDERS ETC",2024-03-31,1,958.0,847.0,1017.0,14
512,"BRUSHES, HOLDERS ETC",2024-04-30,1,939.0,948.0,1086.0,14
512,"BRUSHES, HOLDERS ETC",2024-05-31,1,965.0,1166.0,1287.0,14
512,"BRUSHES, HOLDERS ETC",2024-06-30,1,960.0,1062.0,1389.0,14
512,"BRUSHES, HOLDERS ETC",2024-07-31,1,738.0,1013.0,1664.0,14
512,"BRUSHES, HOLDERS ETC",2024-08-31,1,761.0,1195.0,2098.0,14
512,"BRUSHES, HOLDERS ETC",2024-09-30,1,845.0,736.0,1993.0,14
512,"BRUSHES, HOLDERS ETC",2024-10-31,1,755.0,728.0,1966.0,14
512,"BRUSHES, HOLDERS ETC",2024-11-30,1,723.0,1041.0,2284.0,14
512,"BRUSHES, HOLDERS ETC",2024-12-31,1,715.0,853.0,2422.0,14
512,"BRUSHES, HOLDERS ETC",2025-01-31,1,853.0,785.0,2354.0,14
512,"BRUSHES, HOLDERS ETC",2025-02-28,1,933.0,860.0,2281.0,14
512,"BRUSHES, HOLDERS ETC",2025-03-31,1,1136.0,863.0,2008.0,14
512,"BRUSHES, HOLDERS ETC",2025-04-30,1,849.0,1055.0,2214.0,14
512,"BRUSHES, HOLDERS ETC",2025-05-31,1,1019.0,1074.0,2269.0,14
512,"BRUSHES, HOLDERS ETC",2025-06-30,1,1125.0,958.0,2102.0,14
512,"BRUSHES, HOLDERS ETC",2025-07-31,1,921.0,925.0,2106.0,14
512,"BRUSHES, HOLDERS ETC",2025-08-31,1,890.0,1353.0,2569.0,14
512,"BRUSHES, HOLDERS ETC",2025-09-30,0,831.0,883.0,2237.0,14
512,"BRUSHES, HOLDERS ETC",2025-10-31,0,831.0,883.0,1443.0,14
513,CABLES & ACCESSORIES,2023-11-30,1,55415.6955,62333.6343,131529.6292,63
513,CABLES & ACCESSORIES,2023-12-31,1,59638.0818,57365.6549,129729.1106,63
513,CABLES & ACCESSORIES,2024-01-31,1,60577.0965,63958.0374,133741.1911,63
513,CABLES & ACCESSORIES,2024-02-29,1,58356.605,65935.6869,141757.273,63
513,CABLES & ACCESSORIES,2024-03-31,1,57301.3365,66196.818,151173.4791,63
513,CABLES & ACCESSORIES,2024-04-30,1,60967.464,62645.0191,154135.5605,63
513,CABLES & ACCESSORIES,2024-05-31,1,58738.4318,64130.8005,159674.9292,63
513,CABLES & ACCESSORIES,2024-06-30,1,61868.3754,64717.485,162524.0388,63
513,CABLES & ACCESSORIES,2024-07-31,1,61739.2895,65402.385500000004,166215.1348,63
513,CABLES & ACCESSORIES,2024-08-31,1,59517.4227,66009.1338,172706.8459,63
513,CABLES & ACCESSORIES,2024-09-30,1,60668.1846,68253.6615,180292.3228,63
513,CABLES & ACCESSORIES,2024-10-31,1,56406.2333,68201.4563,192087.5458,63
513,CABLES & ACCESSORIES,2024-11-30,1,60160.8659,60142.6636,192069.3435,63
513,CABLES & ACCESSORIES,2024-12-31,1,59027.8389,64961.9122,198003.4168,63
513,CABLES & ACCESSORIES,2025-01-31,1,58598.4707,62414.6947,201819.6408,63
513,CABLES & ACCESSORIES,2025-02-28,1,60272.6602,65306.2516,206853.2322,63
513,CABLES & ACCESSORIES,2025-03-31,1,58867.9862,67315.3267,215300.5727,63
513,CABLES & ACCESSORIES,2025-04-30,1,58629.1008,72277.5535,228949.0254,63
513,CABLES & ACCESSORIES,2025-05-31,1,61323.7077,61030.9687,228656.2864,63
513,CABLES & ACCESSORIES,2025-06-30,1,61753.5882,65922.4891,232825.1873,63
513,CABLES & ACCESSORIES,2025-07-31,1,58707.0872,67100.3747,241218.4748,63
513,CABLES & ACCESSORIES,2025-08-31,1,59080.2016,66951.1669,249089.4401,63
513,CABLES & ACCESSORIES,2025-09-30,0,58327.8,68383.6108,211626.05,63
513,CABLES & ACCESSORIES,2025-10-31,0,58327.8,68383.6108,172577.25,63
514,TELECOM & AV AIDS,2023-11-30,1,45.0,40.0,1046.0,3
514,TELECOM & AV AIDS,2023-12-31,1,50.0,38.0,1034.0,3
514,TELECOM & AV AIDS,2024-01-31,1,38.0,56.0,1052.0,3
514,TELECOM & AV AIDS,2024-02-29,1,29.0,50.0,1073.0,3
514,TELECOM & AV AIDS,2024-03-31,1,31.0,35.0,1077.0,3
514,TELECOM & AV AIDS,2024-04-30,1,47.0,26.0,1056.0,3
514,TELECOM & AV AIDS,2024-05-31,1,27.0,45.0,1074.0,3
514,TELECOM & AV AIDS,2024-06-30,1,30.0,31.0,1075.0,3
514,TELECOM & AV AIDS,2024-07-31,1,26.0,36.0,1085.0,3
514,TELECOM & AV AIDS,2024-08-31,1,40.0,32.0,1077.0,3
514,TELECOM & AV AIDS,2024-09-30,1,44.0,35.0,1068.0,3
514,TELECOM & AV AIDS,2024-10-31,1,28.0,50.0,1090.0,3
514,TELECOM & AV AIDS,2024-11-30,1,39.0,29.0,1080.0,3
514,TELECOM & AV AIDS,2024-12-31,1,39.0,40.0,1081.0,3
514,TELECOM & AV AIDS,2025-01-31,1,51.0,43.0,1073.0,3
514,TELECOM & AV AIDS,2025-02-28,1,42.0,51.0,1082.0,3
514,TELECOM & AV AIDS,2025-03-31,1,41.0,44.0,1085.0,3
514,TELECOM & AV AIDS,2025-04-30,1,24.0,53.0,1114.0,3
514,TELECOM & AV AIDS,2025-05-31,1,39.0,24.0,1099.0,3
514,TELECOM & AV AIDS,2025-06-30,1,28.0,49.0,1120.0,3
514,TELECOM & AV AIDS,2025-07-31,1,32.0,27.0,1115.0,3
514,TELECOM & AV AIDS,2025-08-31,1,34.0,35.0,1116.0,3
514,TELECOM & AV AIDS,2025-09-30,0,36.0,1103.0,1116.0,3
514,TELECOM & AV AIDS,2025-10-31,0,36.0,1103.0,1080.0,3
515,RELAYS,2023-11-30,1,215.0,227.0,830.0,17
515,RELAYS,2023-12-31,1,204.0,263.0,889.0,17
515,RELAYS,2024-01-31,1,187.0,205.0,907.0,17
515,RELAYS,2024-02-29,1,201.0,203.0,909.0,17
515,RELAYS,2024-03-31,1,219.0,211.0,909.0,17
515,RELAYS,2024-04-30,1,221.0,218.0,907.0,17
515,RELAYS,2024-05-31,1,220.0,224.0,912.0,17
515,RELAYS,2024-06-30,1,198.0,239.0,953.0,17
515,RELAYS,2024-07-31,1,198.0,242.0,997.0,17
515,RELAYS,2024-08-31,1,192.0,193.0,998.0,17
515,RELAYS,2024-09-30,1,196.0,210.0,1012.0,17
515,RELAYS,2024-10-31,1,195.0,215.0,1032.0,17
515,RELAYS,2024-11-30,1,190.0,237.0,1079.0,17
515,RELAYS,2024-12-31,1,193.0,243.0,1129.0,17
515,RELAYS,2025-01-31,1,205.0,186.0,1110.0,17
515,RELAYS,2025-02-28,1,257.0,267.0,1120.0,17
515,RELAYS,2025-03-31,1,219.0,293.0,1194.0,17
515,RELAYS,2025-04-30,1,191.0,238.0,1241.0,17
515,RELAYS,2025-05-31,1,221.0,212.0,1232.0,17
515,RELAYS,2025-06-30,1,202.0,234.0,1264.0,17
515,RELAYS,2025-07-31,1,197.0,211.0,1278.0,17
515,RELAYS,2025-08-31,1,214.0,218.0,1282.0,17
515,RELAYS,2025-09-30,0,198.0,221.0,1250.0,17
515,RELAYS,2025-10-31,0,198.0,221.0,1052.0,17
516,LUMINIARIES AND FITT,2023-11-30,1,1862.0,2133.0,27131.0,28
516,LUMINIARIES AND FITT,2023-12-31,1,2262.0,2051.0,26957.0,28
516,LUMINIARIES AND FITT,2024-01-31,1,2225.0,1855.0,26617.0,28
516,LUMINIARIES AND FITT,2024-02-29,1,2270.0,2641.0,27005.0,28
516,LUMINIARIES AND FITT,2024-03-31,1,2855.0,2334.0,26516.0,28
516,LUMINIARIES AND FITT,2024-04-30,1,2529.0,2228.0,26236.0,28
516,LUMINIARIES AND FITT,2024-05-31,1,2589.0,3682.0,27328.0,28
516,LUMINIARIES AND FITT,2024-06-30,1,2736.0,2909.0,27502.0,28
516,LUMINIARIES AND FITT,2024-07-31,1,2393.0,3285.0,28393.0,28
516,LUMINIARIES AND FITT,2024-08-31,1,2159.0,3487.0,29721.0,28
516,LUMINIARIES AND FITT,2024-09-30,1,2104.0,2571.0,30189.0,28
516,LUMINIARIES AND FITT,2024-10-31,1,1977.0,2527.0,30738.0,28
516,LUMINIARIES AND FITT,2024-11-30,1,2065.0,2812.0,31486.0,28
516,LUMINIARIES AND FITT,2024-12-31,1,2161.0,2192.0,31516.0,28
516,LUMINIARIES AND FITT,2025-01-31,1,2465.0,2241.0,31292.0,28
516,LUMINIARIES AND FITT,2025-02-28,1,2559.0,2462.0,31195.0,28
516,LUMINIARIES AND FITT,2025-03-31,1,2954.0,2950.0,31192.0,28
516,LUMINIARIES AND FITT,2025-04-30,1,2546.0,2592.0,31238.0,28
516,LUMINIARIES AND FITT,2025-05-31,1,2103.0,2917.0,32052.0,28
516,LUMINIARIES AND FITT,2025-06-30,1,2658.0,2573.0,31966.0,28
516,LUMINIARIES AND FITT,2025-07-31,1,2563.0,2607.0,32011.0,28
516,LUMINIARIES AND FITT,2025-08-31,1,2437.0,3213.0,32786.0,28
516,LUMINIARIES AND FITT,2025-09-30,0,2325.0,9434.0,31960.5,28
516,LUMINIARIES AND FITT,2025-10-31,0,2325.0,9434.0,36190.5,28
517,ELECT. CONSUMBALES,2023-11-30,1,2000.3105,1823.2821,24866.9034,20
517,ELECT. CONSUMBALES,2023-12-31,1,1937.9445,2334.7622,25264.7211,20
517,ELECT. CONSUMBALES,2024-01-31,1,2272.8616,1886.9479000000001,24878.8074,20
517,ELECT. CONSUMBALES,2024-02-29,1,1999.9208,2279.9006,25158.7872,20
517,ELECT. CONSUMBALES,2024-03-31,1,1926.2382,2555.2108,25787.7598,20
517,ELECT. CONSUMBALES,2024-04-30,1,2264.0888,1731.1863,25254.8573,20
517,ELECT. CONSUMBALES,2024-05-31,1,2420.8358,2223.1832999999997,25057.2048,20
517,ELECT. CONSUMBALES,2024-06-30,1,3186.696,1970.8941,23841.4029,20
517,ELECT. CONSUMBALES,2024-07-31,1,2430.8632,2553.7661,23964.305800000002,20
517,ELECT. CONSUMBALES,2024-08-31,1,2679.8302,4237.192,25521.6676,20
517,ELECT. CONSUMBALES,2024-09-30,1,2175.0164,3024.6789,26371.3301,20
517,ELECT. CONSUMBALES,2024-10-31,1,2114.2882,2721.968,26979.0099,20
517,ELECT. CONSUMBALES,2024-11-30,1,1874.03,1888.3744,26993.3543,20
517,ELECT. CONSUMBALES,2024-12-31,1,2463.2199,2420.0939,26950.2283,20
517,ELECT. CONSUMBALES,2025-01-31,1,2058.0775,1778.5959,26670.7467,20
517,ELECT. CONSUMBALES,2025-02-28,1,2015.9886,2400.351,27055.1091,20
517,ELECT. CONSUMBALES,2025-03-31,1,2017.9184,2306.8018,27343.9925,20
517,ELECT. CONSUMBALES,2025-04-30,1,1967.7429,2119.0243,27495.2739,20
517,ELECT. CONSUMBALES,2025-05-31,1,2352.8149000000003,2408.8061,27551.2651,20
517,ELECT. CONSUMBALES,2025-06-30,1,2466.8459,2234.0393,27318.4585,20
517,ELECT. CONSUMBALES,2025-07-31,1,3035.7212,2816.8783,27099.6156,20
517,ELECT. CONSUMBALES,2025-08-31,1,2447.0932000000003,2710.9776,27363.5,20
517,ELECT. CONSUMBALES,2025-09-30,0,2185.0,877.0,27129.5,20
517,ELECT. CONSUMBALES,2025-10-31,0,2185.0,877.0,25054.5,20
518,INSULATORS &INS.MATL,2023-11-30,1,2779.8677,2717.4067,40723.527200000004,19
518,INSULATORS &INS.MATL,2023-12-31,1,2682.4899,2711.652,40752.6893,19
518,INSULATORS &INS.MATL,2024-01-31,1,2570.8766,2548.8170999999998,40730.6298,19
518,INSULATORS &INS.MATL,2024-02-29,1,3109.5427,2989.8638,40610.9509,19
518,INSULATORS &INS.MATL,2024-03-31,1,2997.525,3215.9337,40829.359599999996,19
518,INSULATORS &INS.MATL,2024-04-30,1,2644.5066,3144.2677000000003,41329.1207,19
518,INSULATORS &INS.MATL,2024-05-31,1,2521.2604,3002.9959,41810.8562,19
518,INSULATORS &INS.MATL,2024-06-30,1,2424.3298,2686.2606,42072.787,19
518,INSULATORS &INS.MATL,2024-07-31,1,2212.9309,2193.5279,42053.384000000005,19
518,INSULATORS &INS.MATL,2024-08-31,1,2172.5619,1994.9148,41875.7369,19
518,INSULATORS &INS.MATL,2024-09-30,1,2099.6556,2065.8918,41841.973099999996,19
518,INSULATORS &INS.MATL,2024-10-31,1,2502.2553,2584.7849,41924.502700000005,19
518,INSULATORS &INS.MATL,2024-11-30,1,2790.6547,2298.135,41431.983,19
518,INSULATORS &INS.MATL,2024-12-31,1,3146.8327,3376.6847000000002,41661.835,19
518,INSULATORS &INS.MATL,2025-01-31,1,3155.0643999999998,3175.6951,41682.46569999999,19
518,INSULATORS &INS.MATL,2025-02-28,1,3075.3504000000003,3410.7985000000003,42017.9138,19
518,INSULATORS &INS.MATL,2025-03-31,1,3456.8810000000003,3983.4674,42544.500199999995,19
518,INSULATORS &INS.MATL,2025-04-30,1,2905.1853,3067.9998,42707.3147,19
518,INSULATORS &INS.MATL,2025-05-31,1,2701.2628,3170.5587,43176.6106,19
518,INSULATORS &INS.MATL,2025-06-30,1,2779.5625,3611.5915,44008.6396,19
518,INSULATORS &INS.MATL,2025-07-31,1,2392.3795999999998,2908.0179,44524.2779,19
518,INSULATORS &INS.MATL,2025-08-31,1,2212.4071,2424.3692,44736.24,19
518,INSULATORS &INS.MATL,2025-09-30,0,2418.0,4302.0,44736.24,19
518,INSULATORS &INS.MATL,2025-10-31,0,2418.0,4302.0,43194.24,19
519,ELECTRICL APPLIANCES,2023-11-30,1,64.0,79.0,1061.0,10
519,ELECTRICL APPLIANCES,2023-12-31,1,67.0,64.0,1058.0,10
519,ELECTRICL APPLIANCES,2024-01-31,1,57.0,75.0,1076.0,10
519,ELECTRICL APPLIANCES,2024-02-29,1,65.0,62.0,1073.0,10
519,ELECTRICL APPLIANCES,2024-03-31,1,76.0,77.0,1074.0,10
519,ELECTRICL APPLIANCES,2024-04-30,1,73.0,73.0,1074.0,10
519,ELECTRICL APPLIANCES,2024-05-31,1,67.0,76.0,1083.0,10
519,ELECTRICL APPLIANCES,2024-06-30,1,64.0,79.0,1098.0,10
519,ELECTRICL APPLIANCES,2024-07-31,1,75.0,77.0,1100.0,10
519,ELECTRICL APPLIANCES,2024-08-31,1,62.0,75.0,1113.0,10
519,ELECTRICL APPLIANCES,2024-09-30,1,73.0,73.0,1113.0,10
519,ELECTRICL APPLIANCES,2024-10-31,1,74.0,72.0,1111.0,10
519,ELECTRICL APPLIANCES,2024-11-30,1,72.0,86.0,1125.0,10
519,ELECTRICL APPLIANCES,2024-12-31,1,65.0,100.0,1160.0,10
519,ELECTRICL APPLIANCES,2025-01-31,1,69.0,71.0,1162.0,10
519,ELECTRICL APPLIANCES,2025-02-28,1,72.0,83.0,1173.0,10
519,ELECTRICL APPLIANCES,2025-03-31,1,78.0,80.0,1175.0,10
519,ELECTRICL APPLIANCES,2025-04-30,1,73.0,85.0,1187.0,10
519,ELECTRICL APPLIANCES,2025-05-31,1,65.0,80.0,1202.0,10
519,ELECTRICL APPLIANCES,2025-06-30,1,68.0,78.0,1212.0,10
519,ELECTRICL APPLIANCES,2025-07-31,1,71.0,82.0,1223.0,10
519,ELECTRICL APPLIANCES,2025-08-31,1,64.0,83.0,1242.0,10
519,ELECTRICL APPLIANCES,2025-09-30,0,65.0,93.0,1242.0,10
519,ELECTRICL APPLIANCES,2025-10-31,0,65.0,93.0,1207.0,10
576,ELECTRON. EQPT&CRDS,2023-11-30,1,11.0,13.0,21.0,4
576,ELECTRON. EQPT&CRDS,2023-12-31,1,12.0,13.0,22.0,4
576,ELECTRON. EQPT&CRDS,2024-01-31,1,13.0,12.0,21.0,4
576,ELECTRON. EQPT&CRDS,2024-02-29,1,11.0,15.0,25.0,4
576,ELECTRON. EQPT&CRDS,2024-03-31,1,13.0,12.0,24.0,4
576,ELECTRON. EQPT&CRDS,2024-04-30,1,11.0,17.0,30.0,4
576,ELECTRON. EQPT&CRDS,2024-05-31,1,11.0,12.0,31.0,4
576,ELECTRON. EQPT&CRDS,2024-06-30,1,11.0,13.0,33.0,4
576,ELECTRON. EQPT&CRDS,2024-07-31,1,9.0,10.0,34.0,4
576,ELECTRON. EQPT&CRDS,2024-08-31,1,13.0,9.0,30.0,4
576,ELECTRON. EQPT&CRDS,2024-09-30,1,13.0,11.0,29.0,4
576,ELECTRON. EQPT&CRDS,2024-10-31,1,10.0,14.0,33.0,4
576,ELECTRON. EQPT&CRDS,2024-11-30,1,12.0,13.0,34.0,4
576,ELECTRON. EQPT&CRDS,2024-12-31,1,12.0,10.0,32.0,4
576,ELECTRON. EQPT&CRDS,2025-01-31,1,14.0,14.0,32.0,4
576,ELECTRON. EQPT&CRDS,2025-02-28,1,14.0,15.0,33.0,4
576,ELECTRON. EQPT&CRDS,2025-03-31,1,9.0,13.0,37.0,4
576,ELECTRON. EQPT&CRDS,2025-04-30,1,11.0,12.0,38.0,4
576,ELECTRON. EQPT&CRDS,2025-05-31,1,14.0,9.0,33.0,4
576,ELECTRON. EQPT&CRDS,2025-06-30,1,12.0,13.0,34.0,4
576,ELECTRON. EQPT&CRDS,2025-07-31,1,10.0,12.0,36.0,4
576,ELECTRON. EQPT&CRDS,2025-08-31,1,10.0,10.0,36.0,4
576,ELECTRON. EQPT&CRDS,2025-09-30,0,11.0,28.0,33.0,4
576,ELECTRON. EQPT&CRDS,2025-10-31,0,11.0,28.0,37.0,4
577,ELECTRONIC .COMPNTS,2023-11-30,1,50.0,51.0,264.0,6
577,ELECTRONIC .COMPNTS,2023-12-31,1,48.0,56.0,272.0,6
577,ELECTRONIC .COMPNTS,2024-01-31,1,42.0,54.0,284.0,6
577,ELECTRONIC .COMPNTS,2024-02-29,1,43.0,58.0,299.0,6
577,ELECTRONIC .COMPNTS,2024-03-31,1,41.0,51.0,309.0,6
577,ELECTRONIC .COMPNTS,2024-04-30,1,43.0,42.0,308.0,6
577,ELECTRONIC .COMPNTS,2024-05-31,1,44.0,52.0,316.0,6
577,ELECTRONIC .COMPNTS,2024-06-30,1,48.0,38.0,306.0,6
577,ELECTRONIC .COMPNTS,2024-07-31,1,49.0,48.0,305.0,6
577,ELECTRONIC .COMPNTS,2024-08-31,1,45.0,56.0,316.0,6
577,ELECTRONIC .COMPNTS,2024-09-30,1,46.0,54.0,324.0,6
577,ELECTRONIC .COMPNTS,2024-10-31,1,48.0,51.0,327.0,6
577,ELECTRONIC .COMPNTS,2024-11-30,1,40.0,52.0,339.0,6
577,ELECTRONIC .COMPNTS,2024-12-31,1,40.0,48.0,347.0,6
577,ELECTRONIC .COMPNTS,2025-01-31,1,39.0,46.0,354.0,6
577,ELECTRONIC .COMPNTS,2025-02-28,1,42.0,45.0,357.0,6
577,ELECTRONIC .COMPNTS,2025-03-31,1,40.0,52.0,369.0,6
577,ELECTRONIC .COMPNTS,2025-04-30,1,38.0,50.0,381.0,6
577,ELECTRONIC .COMPNTS,2025-05-31,1,41.0,40.0,380.0,6
577,ELECTRONIC .COMPNTS,2025-06-30,1,44.0,44.0,380.0,6
577,ELECTRONIC .COMPNTS,2025-07-31,1,54.0,45.0,371.0,6
577,ELECTRONIC .COMPNTS,2025-08-31,1,49.0,54.0,376.0,6
577,ELECTRONIC .COMPNTS,2025-09-30,0,44.0,96.0,376.0,6
577,ELECTRONIC .COMPNTS,2025-10-31,0,44.0,96.0,332.0,6
578,"IT EQPT, ACCES.& S/W",2023-11-30,1,3242.5966,3419.4693,6337.7217,6
578,"IT EQPT, ACCES.& S/W",2023-12-31,1,2605.075,3844.0202,7576.6669,6
578,"IT EQPT, ACCES.& S/W",2024-01-31,1,3295.263,2769.4694,7050.8733,6
578,"IT EQPT, ACCES.& S/W",2024-02-29,1,2391.0316000000003,3066.644,7726.4857,6
578,"IT EQPT, ACCES.& S/W",2024-03-31,1,2510.1633,2883.4396,8099.762,6
578,"IT EQPT, ACCES.& S/W",2024-04-30,1,2198.3233,3105.4507,9006.8894,6
578,"IT EQPT, ACCES.& S/W",2024-05-31,1,2429.7655,2433.3854,9010.5093,6
578,"IT EQPT, ACCES.& S/W",2024-06-30,1,2087.0213000000003,3151.6739,10075.1619,6
578,"IT EQPT, ACCES.& S/W",2024-07-31,1,1984.397,2307.5802000000003,10398.3451,6
578,"IT EQPT, ACCES.& S/W",2024-08-31,1,3137.762,1940.0145,9200.597600000001,6
578,"IT EQPT, ACCES.& S/W",2024-09-30,1,2629.794,3979.9506,10551.7542,6
578,"IT EQPT, ACCES.& S/W",2024-10-31,1,2802.2255999999998,3038.6041,10788.1327,6
578,"IT EQPT, ACCES.& S/W",2024-11-30,1,2887.9505,2682.7518,10582.934,6
578,"IT EQPT, ACCES.& S/W",2024-12-31,1,3070.216,2969.3355,10482.0535,6
578,"IT EQPT, ACCES.& S/W",2025-01-31,1,2959.1846,4295.0158,11817.8847,6
578,"IT EQPT, ACCES.& S/W",2025-02-28,1,2124.2237999999998,2626.0274,12319.6883,6
578,"IT EQPT, ACCES.& S/W",2025-03-31,1,2438.2165,2838.8127999999997,12720.2846,6
578,"IT EQPT, ACCES.& S/W",2025-04-30,1,2384.2556999999997,2528.4030000000002,12864.4319,6
578,"IT EQPT, ACCES.& S/W",2025-05-31,1,2458.8772,3234.6966,13640.2513,6
578,"IT EQPT, ACCES.& S/W",2025-06-30,1,2432.5389999999998,3042.096,14249.8083,6
578,"IT EQPT, ACCES.& S/W",2025-07-31,1,3230.4926,2733.7968,13753.1125,6
578,"IT EQPT, ACCES.& S/W",2025-08-31,1,2975.0645,4122.952,14901.0,6
578,"IT EQPT, ACCES.& S/W",2025-09-30,0,2693.0,9620.0,12500.0,6
578,"IT EQPT, ACCES.& S/W",2025-10-31,0,2693.0,9620.0,10408.0,6
601,W/SHOP M/C & SPARES,2023-11-30,1,300.0,367.0,74.0,25
601,W/SHOP M/C & SPARES,2023-12-31,1,237.0,370.0,208.0,25
601,W/SHOP M/C & SPARES,2024-01-31,1,199.0,247.0,258.0,25
601,W/SHOP M/C & SPARES,2024-02-29,1,234.0,230.0,258.0,25
601,W/SHOP M/C & SPARES,2024-03-31,1,186.0,279.0,351.0,25
601,W/SHOP M/C & SPARES,2024-04-30,1,189.0,224.0,388.0,25
601,W/SHOP M/C & SPARES,2024-05-31,1,210.0,223.0,406.0,25
601,W/SHOP M/C & SPARES,2024-06-30,1,233.0,213.0,388.0,25
601,W/SHOP M/C & SPARES,2024-07-31,1,236.0,288.0,440.0,25
601,W/SHOP M/C & SPARES,2024-08-31,1,239.0,250.0,451.0,25
601,W/SHOP M/C & SPARES,2024-09-30,1,231.0,233.0,453.0,25
601,W/SHOP M/C & SPARES,2024-10-31,1,241.0,283.0,495.0,25
601,W/SHOP M/C & SPARES,2024-11-30,1,245.0,238.0,488.0,25
601,W/SHOP M/C & SPARES,2024-12-31,1,207.0,240.0,521.0,25
601,W/SHOP M/C & SPARES,2025-01-31,1,264.0,238.0,495.0,25
601,W/SHOP M/C & SPARES,2025-02-28,1,225.0,266.0,536.0,25
601,W/SHOP M/C & SPARES,2025-03-31,1,213.0,207.0,530.0,25
601,W/SHOP M/C & SPARES,2025-04-30,1,187.0,233.0,576.0,25
601,W/SHOP M/C & SPARES,2025-05-31,1,184.0,208.0,600.0,25
601,W/SHOP M/C & SPARES,2025-06-30,1,207.0,198.0,591.0,25
601,W/SHOP M/C & SPARES,2025-07-31,1,257.0,268.0,602.0,25
601,W/SHOP M/C & SPARES,2025-08-31,1,237.0,275.0,640.0,25
601,W/SHOP M/C & SPARES,2025-09-30,0,228.0,228.0,52.0,25
601,W/SHOP M/C & SPARES,2025-10-31,0,228.0,228.0,0.0,25
602,GENL.EQPT.& SPARES,2023-11-30,1,349.0,385.0,857.0,58
602,GENL.EQPT.& SPARES,2023-12-31,1,367.0,387.0,886.0,58
602,GENL.EQPT.& SPARES,2024-01-31,1,367.0,382.0,918.0,58
602,GENL.EQPT.& SPARES,2024-02-29,1,360.0,372.0,938.0,58
602,GENL.EQPT.& SPARES,2024-03-31,1,353.0,426.0,1019.0,58
602,GENL.EQPT.& SPARES,2024-04-30,1,322.0,405.0,1103.0,58
602,GENL.EQPT.& SPARES,2024-05-31,1,337.0,356.0,1122.0,58
602,GENL.EQPT.& SPARES,2024-06-30,1,327.0,370.0,1166.0,58
602,GENL.EQPT.& SPARES,2024-07-31,1,316.0,363.0,1213.0,58
602,GENL.EQPT.& SPARES,2024-08-31,1,343.0,346.0,1216.0,58
602,GENL.EQPT.& SPARES,2024-09-30,1,350.0,325.0,1191.0,58
602,GENL.EQPT.& SPARES,2024-10-31,1,371.0,377.0,1197.0,58
602,GENL.EQPT.& SPARES,2024-11-30,1,365.0,391.0,1223.0,58
602,GENL.EQPT.& SPARES,2024-12-31,1,386.0,427.0,1264.0,58
602,GENL.EQPT.& SPARES,2025-01-31,1,402.0,403.0,1265.0,58
602,GENL.EQPT.& SPARES,2025-02-28,1,381.0,443.0,1327.0,58
602,GENL.EQPT.& SPARES,2025-03-31,1,352.0,418.0,1394.0,58
602,GENL.EQPT.& SPARES,2025-04-30,1,344.0,380.0,1431.0,58
602,GENL.EQPT.& SPARES,2025-05-31,1,342.0,391.0,1480.0,58
602,GENL.EQPT.& SPARES,2025-06-30,1,338.0,374.0,1516.0,58
602,GENL.EQPT.& SPARES,2025-07-31,1,350.0,361.0,1527.0,58
602,GENL.EQPT.& SPARES,2025-08-31,1,363.0,375.0,1539.0,58
602,GENL.EQPT.& SPARES,2025-09-30,0,346.0,393.0,1107.0,58
602,GENL.EQPT.& SPARES,2025-10-31,0,346.0,393.0,857.0,58
603,MATL.HND.EQPT&SPRS,2023-11-30,1,4207.0,4731.0,7202.0,68
603,MATL.HND.EQPT&SPRS,2023-12-31,1,4127.0,4809.0,7933.0,68
603,MATL.HND.EQPT&SPRS,2024-01-31,1,4554.0,4633.0,8036.0,68
603,MATL.HND.EQPT&SPRS,2024-02-29,1,4358.0,4923.0,8621.0,68
603,MATL.HND.EQPT&SPRS,2024-03-31,1,4216.0,4900.0,9317.0,68
603,MATL.HND.EQPT&SPRS,2024-04-30,1,4352.0,4774.0,9740.0,68
603,MATL.HND.EQPT&SPRS,2024-05-31,1,4286.0,4772.0,10227.0,68
603,MATL.HND.EQPT&SPRS,2024-06-30,1,4163.0,4746.0,10810.0,68
603,MATL.HND.EQPT&SPRS,2024-07-31,1,4139.0,4279.0,10950.0,68
603,MATL.HND.EQPT&SPRS,2024-08-31,1,4123.0,5009.0,11837.0,68
603,MATL.HND.EQPT&SPRS,2024-09-30,1,4533.0,4643.0,11947.0,68
603,MATL.HND.EQPT&SPRS,2024-10-31,1,4238.0,4856.0,12565.0,68
603,MATL.HND.EQPT&SPRS,2024-11-30,1,4694.0,4385.0,12256.0,68
603,MATL.HND.EQPT&SPRS,2024-12-31,1,4186.0,4952.0,13022.0,68
603,MATL.HND.EQPT&SPRS,2025-01-31,1,4198.0,4822.0,13646.0,68
603,MATL.HND.EQPT&SPRS,2025-02-28,1,4364.0,4264.0,13546.0,68
603,MATL.HND.EQPT&SPRS,2025-03-31,1,4518.0,5078.0,14106.0,68
603,MATL.HND.EQPT&SPRS,2025-04-30,1,4375.0,4629.0,14360.0,68
603,MATL.HND.EQPT&SPRS,2025-05-31,1,4477.0,5016.0,14899.0,68
603,MATL.HND.EQPT&SPRS,2025-06-30,1,4287.0,4722.0,15334.0,68
603,MATL.HND.EQPT&SPRS,2025-07-31,1,4350.0,4754.0,15738.0,68
603,MATL.HND.EQPT&SPRS,2025-08-31,1,4254.0,4830.0,16314.0,68
603,MATL.HND.EQPT&SPRS,2025-09-30,0,4189.0,5630.0,13206.0,68
603,MATL.HND.EQPT&SPRS,2025-10-31,0,4189.0,5630.0,12007.0,68
604,"WEIGH.INST,BRID&SPRS",2023-11-30,1,1.0,1.0,1.0,1
604,"WEIGH.INST,BRID&SPRS",2023-12-31,1,1.0,1.0,1.0,1
604,"WEIGH.INST,BRID&SPRS",2024-01-31,1,1.0,1.0,1.0,1
604,"WEIGH.INST,BRID&SPRS",2024-02-29,1,1.0,1.0,1.0,1
604,"WEIGH.INST,BRID&SPRS",2024-03-31,1,1.0,1.0,1.0,1
604,"WEIGH.INST,BRID&SPRS",2024-04-30,1,1.0,1.0,1.0,1
604,"WEIGH.INST,BRID&SPRS",2024-05-31,1,1.0,1.0,1.0,1
604,"WEIGH.INST,BRID&SPRS",2024-06-30,1,1.0,1.0,1.0,1
604,"WEIGH.INST,BRID&SPRS",2024-07-31,1,1.0,1.0,1.0,1
604,"WEIGH.INST,BRID&SPRS",2024-08-31,1,1.0,1.0,1.0,1
604,"WEIGH.INST,BRID&SPRS",2024-09-30,1,1.0,1.0,1.0,1
604,"WEIGH.INST,BRID&SPRS",2024-10-31,1,1.0,1.0,1.0,1
604,"WEIGH.INST,BRID&SPRS",2024-11-30,1,1.0,1.0,1.0,1
604,"WEIGH.INST,BRID&SPRS",2024-12-31,1,1.0,1.0,1.0,1
604,"WEIGH.INST,BRID&SPRS",2025-01-31,1,1.0,1.0,1.0,1
604,"WEIGH.INST,BRID&SPRS",2025-02-28,1,1.0,1.0,1.0,1
604,"WEIGH.INST,BRID&SPRS",2025-03-31,1,1.0,1.0,1.0,1
604,"WEIGH.INST,BRID&SPRS",2025-04-30,1,1.0,1.0,1.0,1
604,"WEIGH.INST,BRID&SPRS",2025-05-31,1,1.0,1.0,1.0,1
604,"WEIGH.INST,BRID&SPRS",2025-06-30,1,1.0,1.0,1.0,1
604,"WEIGH.INST,BRID&SPRS",2025-07-31,1,1.0,1.0,1.0,1
604,"WEIGH.INST,BRID&SPRS",2025-08-31,1,1.0,1.0,1.0,1
604,"WEIGH.INST,BRID&SPRS",2025-09-30,0,1.0,1.0,1.0,1
604,"WEIGH.INST,BRID&SPRS",2025-10-31,0,1.0,1.0,0.0,1
663,HYD.&PNEU.CYLINDERS,2023-11-30,1,60.0,59.0,2.0,13
663,HYD.&PNEU.CYLINDERS,2023-12-31,1,53.0,63.0,14.0,13
663,HYD.&PNEU.CYLINDERS,2024-01-31,1,61.0,67.0,23.0,13
663,HYD.&PNEU.CYLINDERS,2024-02-29,1,57.0,64.0,30.0,13
663,HYD.&PNEU.CYLINDERS,2024-03-31,1,55.0,70.0,47.0,13
663,HYD.&PNEU.CYLINDERS,2024-04-30,1,54.0,61.0,56.0,13
663,HYD.&PNEU.CYLINDERS,2024-05-31,1,60.0,60.0,56.0,13
663,HYD.&PNEU.CYLINDERS,2024-06-30,1,57.0,65.0,64.0,13
663,HYD.&PNEU.CYLINDERS,2024-07-31,1,63.0,63.0,66.0,13
663,HYD.&PNEU.CYLINDERS,2024-08-31,1,68.0,67.0,65.0,13
663,HYD.&PNEU.CYLINDERS,2024-09-30,1,59.0,72.0,78.0,13
663,HYD.&PNEU.CYLINDERS,2024-10-31,1,63.0,72.0,87.0,13
663,HYD.&PNEU.CYLINDERS,2024-11-30,1,63.0,61.0,85.0,13
663,HYD.&PNEU.CYLINDERS,2024-12-31,1,64.0,66.0,87.0,13
663,HYD.&PNEU.CYLINDERS,2025-01-31,1,60.0,75.0,102.0,13
663,HYD.&PNEU.CYLINDERS,2025-02-28,1,63.0,75.0,114.0,13
663,HYD.&PNEU.CYLINDERS,2025-03-31,1,67.0,73.0,120.0,13
663,HYD.&PNEU.CYLINDERS,2025-04-30,1,60.0,65.0,125.0,13
663,HYD.&PNEU.CYLINDERS,2025-05-31,1,58.0,75.0,142.0,13
663,HYD.&PNEU.CYLINDERS,2025-06-30,1,65.0,62.0,139.0,13
663,HYD.&PNEU.CYLINDERS,2025-07-31,1,63.0,65.0,141.0,13
663,HYD.&PNEU.CYLINDERS,2025-08-31,1,66.0,79.0,154.0,13
663,HYD.&PNEU.CYLINDERS,2025-09-30,0,58.0,58.0,0.0,13
663,HYD.&PNEU.CYLINDERS,2025-10-31,0,58.0,58.0,0.0,13
701,ABRASIVES,2023-11-30,1,3497.0,3916.0,23355.0,27
701,ABRASIVES,2023-12-31,1,3468.0,3851.0,23829.0,27
701,ABRASIVES,2024-01-31,1,3568.0,3455.0,23979.0,27
701,ABRASIVES,2024-02-29,1,3596.0,3561.0,23944.0,27
701,ABRASIVES,2024-03-31,1,3411.0,3924.0,24457.0,27
701,ABRASIVES,2024-04-30,1,3659.0,3820.0,24618.0,27
701,ABRASIVES,2024-05-31,1,3871.0,3190.0,23937.0,27
701,ABRASIVES,2024-06-30,1,3702.0,4143.0,24378.0,27
701,ABRASIVES,2024-07-31,1,3428.0,3829.0,24779.0,27
701,ABRASIVES,2024-08-31,1,3497.0,4135.0,25417.0,27
701,ABRASIVES,2024-09-30,1,3420.0,3751.0,25748.0,27
701,ABRASIVES,2024-10-31,1,3948.0,3960.0,25760.0,27
701,ABRASIVES,2024-11-30,1,3847.0,4136.0,26049.0,27
701,ABRASIVES,2024-12-31,1,3354.0,3924.0,26619.0,27
701,ABRASIVES,2025-01-31,1,3629.0,4029.0,27019.0,27
701,ABRASIVES,2025-02-28,1,3696.0,4144.0,27467.0,27
701,ABRASIVES,2025-03-31,1,3377.0,3631.0,27721.0,27
701,ABRASIVES,2025-04-30,1,3982.0,3688.0,27427.0,27
701,ABRASIVES,2025-05-31,1,3569.0,4289.0,28147.0,27
701,ABRASIVES,2025-06-30,1,3309.0,4321.0,29159.0,27
701,ABRASIVES,2025-07-31,1,3221.0,3891.0,29829.0,27
701,ABRASIVES,2025-08-31,1,3609.0,3762.0,29982.0,27
701,ABRASIVES,2025-09-30,0,3434.0,4736.0,28099.0,27
701,ABRASIVES,2025-10-31,0,3434.0,4736.0,26503.0,27
702,BEARINGS&BRG.HOUSNGS,2023-11-30,1,3121.0,3456.0,13164.0,254
702,BEARINGS&BRG.HOUSNGS,2023-12-31,1,2905.0,3376.0,13645.0,254
702,BEARINGS&BRG.HOUSNGS,2024-01-31,1,2918.0,3375.0,14144.0,254
702,BEARINGS&BRG.HOUSNGS,2024-02-29,1,3315.0,3331.0,14276.0,254
702,BEARINGS&BRG.HOUSNGS,2024-03-31,1,3274.0,3319.0,14341.0,254
702,BEARINGS&BRG.HOUSNGS,2024-04-30,1,3339.0,3772.0,14778.0,254
702,BEARINGS&BRG.HOUSNGS,2024-05-31,1,3365.0,3492.0,14905.0,254
702,BEARINGS&BRG.HOUSNGS,2024-06-30,1,3297.0,3828.0,15436.0,254
702,BEARINGS&BRG.HOUSNGS,2024-07-31,1,3397.0,3754.0,15793.0,254
702,BEARINGS&BRG.HOUSNGS,2024-08-31,1,3120.0,3656.0,16329.0,254
702,BEARINGS&BRG.HOUSNGS,2024-09-30,1,3106.0,3690.0,16913.0,254
702,BEARINGS&BRG.HOUSNGS,2024-10-31,1,3222.0,3586.0,17277.0,254
702,BEARINGS&BRG.HOUSNGS,2024-11-30,1,3097.0,3300.0,17480.0,254
702,BEARINGS&BRG.HOUSNGS,2024-12-31,1,3040.0,3627.0,18067.0,254
702,BEARINGS&BRG.HOUSNGS,2025-01-31,1,3139.0,3604.0,18532.0,254
702,BEARINGS&BRG.HOUSNGS,2025-02-28,1,3228.0,3200.0,18504.0,254
702,BEARINGS&BRG.HOUSNGS,2025-03-31,1,3312.0,3514.0,18706.0,254
702,BEARINGS&BRG.HOUSNGS,2025-04-30,1,3272.0,3378.0,18812.0,254
702,BEARINGS&BRG.HOUSNGS,2025-05-31,1,3423.0,3761.0,19150.0,254
702,BEARINGS&BRG.HOUSNGS,2025-06-30,1,3476.0,3782.0,19456.0,254
702,BEARINGS&BRG.HOUSNGS,2025-07-31,1,3515.0,3531.0,19472.0,254
702,BEARINGS&BRG.HOUSNGS,2025-08-31,1,3228.0,3802.0,20046.0,254
702,BEARINGS&BRG.HOUSNGS,2025-09-30,0,3158.0,5673.0,18541.0,254
702,BEARINGS&BRG.HOUSNGS,2025-10-31,0,3158.0,5673.0,19060.0,254
703,BUILDING MATERIALS,2023-11-30,1,217.5944,209.6251,247.6518,2
703,BUILDING MATERIALS,2023-12-31,1,291.5178,289.5345,245.6685,2
703,BUILDING MATERIALS,2024-01-31,1,256.6778,198.2018,187.1925,2
703,BUILDING MATERIALS,2024-02-29,1,273.967,361.4782,274.7037,2
703,BUILDING MATERIALS,2024-03-31,1,213.1183,249.5753,311.1607,2
703,BUILDING MATERIALS,2024-04-30,1,240.3404,355.4326,426.2529,2
703,BUILDING MATERIALS,2024-05-31,1,237.73919999999998,185.67110000000002,374.18480000000005,2
703,BUILDING MATERIALS,2024-06-30,1,255.4529,206.6678,325.39970000000005,2
703,BUILDING MATERIALS,2024-07-31,1,237.9181,265.5435,353.02509999999995,2
703,BUILDING MATERIALS,2024-08-31,1,220.2663,245.88,378.6388,2
703,BUILDING MATERIALS,2024-09-30,1,252.15449999999998,307.8114,434.2957,2
703,BUILDING MATERIALS,2024-10-31,1,201.70530000000002,268.36220000000003,500.9526,2
703,BUILDING MATERIALS,2024-11-30,1,234.0394,283.21770000000004,550.1309,2
703,BUILDING MATERIALS,2024-12-31,1,248.6585,224.01209999999998,525.4845,2
703,BUILDING MATERIALS,2025-01-31,1,275.5652,286.6726,536.5919,2
703,BUILDING MATERIALS,2025-02-28,1,289.9117,236.5908,483.271,2
703,BUILDING MATERIALS,2025-03-31,1,291.2167,317.6435,509.69780000000003,2
703,BUILDING MATERIALS,2025-04-30,1,352.5287,306.81690000000003,463.986,2
703,BUILDING MATERIALS,2025-05-31,1,287.09630000000004,390.6475,567.5372,2
703,BUILDING MATERIALS,2025-06-30,1,303.7586,335.6962,599.4748,2
703,BUILDING MATERIALS,2025-07-31,1,236.60580000000002,276.7522,639.6212,2
703,BUILDING MATERIALS,2025-08-31,1,270.3411,267.1559,636.436,2
703,BUILDING MATERIALS,2025-09-30,0,246.77,246.17000000000002,618.573,2
703,BUILDING MATERIALS,2025-10-31,0,246.77,246.17000000000002,371.803,2
704,CHEMICALS&COMPNDS,2023-11-30,1,275675.327,259569.7454,670341.0594,52
704,CHEMICALS&COMPNDS,2023-12-31,1,236845.5261,324217.8382,761883.622,52
704,CHEMICALS&COMPNDS,2024-01-31,1,256226.9164,272104.647,779004.6176,52
704,CHEMICALS&COMPNDS,2024-02-29,1,265408.782,259019.5928,773304.8559,52
704,CHEMICALS&COMPNDS,2024-03-31,1,213749.55349999998,323108.1071,883192.7414999999,52
704,CHEMICALS&COMPNDS,2024-04-30,1,232009.0744,293624.3893,944808.0564,52
704,CHEMICALS&COMPNDS,2024-05-31,1,233605.6809,237239.8775,948559.5217,52
704,CHEMICALS&COMPNDS,2024-06-30,1,234548.2752,218864.2235,932875.47,52
704,CHEMICALS&COMPNDS,2024-07-31,1,240063.7262,237755.0327,930566.7765000002,52
704,CHEMICALS&COMPNDS,2024-08-31,1,254019.4144,280414.7701,956969.1048,52
704,CHEMICALS&COMPNDS,2024-09-30,1,294469.1738,243769.38040000002,906269.3113999999,52
704,CHEMICALS&COMPNDS,2024-10-31,1,249560.2986,242637.0331,899346.0458999999,52
704,CHEMICALS&COMPNDS,2024-11-30,1,252880.80649999998,306578.318,953043.5573999999,52
704,CHEMICALS&COMPNDS,2024-12-31,1,261097.1643,299703.0515,991649.4445999999,52
704,CHEMICALS&COMPNDS,2025-01-31,1,261214.9712,268047.9174,998482.3907999999,52
704,CHEMICALS&COMPNDS,2025-02-28,1,242423.5994,294134.9956,1050193.787,52
704,CHEMICALS&COMPNDS,2025-03-31,1,250472.2379,262553.05590000004,1062274.605,52
704,CHEMICALS&COMPNDS,2025-04-30,1,229266.6989,263269.4431,1096277.3492,52
704,CHEMICALS&COMPNDS,2025-05-31,1,221819.369,294764.8614,1169222.8416,52
704,CHEMICALS&COMPNDS,2025-06-30,1,221290.443,263532.5701,1211464.9687,52
704,CHEMICALS&COMPNDS,2025-07-31,1,246958.0065,259641.9079,1224148.8701000002,52
704,CHEMICALS&COMPNDS,2025-08-31,1,247316.363,291981.882,1268814.3891,52
704,CHEMICALS&COMPNDS,2025-09-30,0,248282.575,410691.8,1225606.3399999999,52
704,CHEMICALS&COMPNDS,2025-10-31,0,248282.575,410691.8,1325017.585,52
705,HARDWARE&FASTENERS,2023-11-30,1,29711.7022,32444.2849,142520.1411,286
705,HARDWARE&FASTENERS,2023-12-31,1,30346.3461,33366.0643,145926.6384,286
705,HARDWARE&FASTENERS,2024-01-31,1,30628.0677,32261.2406,148173.6471,286
705,HARDWARE&FASTENERS,2024-02-29,1,30875.8469,33405.9066,150989.6773,286
705,HARDWARE&FASTENERS,2024-03-31,1,29388.6366,33378.1141,155058.2205,286
705,HARDWARE&FASTENERS,2024-04-30,1,30173.7278,32930.5407,157981.3364,286
705,HARDWARE&FASTENERS,2024-05-31,1,30198.7338,32823.3787,160613.9813,286
705,HARDWARE&FASTENERS,2024-06-30,1,29305.828700000002,32756.977600000002,164066.1313,286
705,HARDWARE&FASTENERS,2024-07-31,1,30907.6385,32711.905,165905.3978,286
705,HARDWARE&FASTENERS,2024-08-31,1,30558.6187,33737.4187,169091.1978,286
705,HARDWARE&FASTENERS,2024-09-30,1,30339.4824,33756.130900000004,172529.6676,286
705,HARDWARE&FASTENERS,2024-10-31,1,30796.9642,32890.7491,174623.4525,286
705,HARDWARE&FASTENERS,2024-11-30,1,31484.2254,32915.8432,176171.8117,286
705,HARDWARE&FASTENERS,2024-12-31,1,31301.0274,33656.5421,178527.3264,286
705,HARDWARE&FASTENERS,2025-01-31,1,31627.2559,33934.7652,180834.8357,286
705,HARDWARE&FASTENERS,2025-02-28,1,31276.8409,34902.4436,184460.4384,286
705,HARDWARE&FASTENERS,2025-03-31,1,31491.8451,34278.75,187247.3433,286
705,HARDWARE&FASTENERS,2025-04-30,1,31151.3981,33868.6769,189964.6221,286
705,HARDWARE&FASTENERS,2025-05-31,1,30211.3245,34508.071,194261.3686,286
705,HARDWARE&FASTENERS,2025-06-30,1,30475.1434,33716.7764,197503.0016,286
705,HARDWARE&FASTENERS,2025-07-31,1,30682.5631,33340.0296,200160.4681,286
705,HARDWARE&FASTENERS,2025-08-31,1,31529.7926,33984.9368,202615.6123,286
705,HARDWARE&FASTENERS,2025-09-30,0,29689.0,71916.0,187917.5,286
705,HARDWARE&FASTENERS,2025-10-31,0,29689.0,71916.0,211328.5,286
706,LABORATORYWARE&INSTR,2023-11-30,1,122.0,130.0,40.0,22
706,LABORATORYWARE&INSTR,2023-12-31,1,135.0,141.0,58.0,22
706,LABORATORYWARE&INSTR,2024-01-31,1,135.0,129.0,65.0,22
706,LABORATORYWARE&INSTR,2024-02-29,1,136.0,137.0,66.0,22
706,LABORATORYWARE&INSTR,2024-03-31,1,132.0,159.0,93.0,22
706,LABORATORYWARE&INSTR,2024-04-30,1,129.0,149.0,114.0,22
706,LABORATORYWARE&INSTR,2024-05-31,1,149.0,148.0,115.0,22
706,LABORATORYWARE&INSTR,2024-06-30,1,130.0,149.0,135.0,22
706,LABORATORYWARE&INSTR,2024-07-31,1,133.0,169.0,171.0,22
706,LABORATORYWARE&INSTR,2024-08-31,1,120.0,163.0,215.0,22
706,LABORATORYWARE&INSTR,2024-09-30,1,133.0,133.0,216.0,22
706,LABORATORYWARE&INSTR,2024-10-31,1,125.0,127.0,218.0,22
706,LABORATORYWARE&INSTR,2024-11-30,1,138.0,155.0,235.0,22
706,LABORATORYWARE&INSTR,2024-12-31,1,136.0,154.0,253.0,22
706,LABORATORYWARE&INSTR,2025-01-31,1,136.0,139.0,256.0,22
706,LABORATORYWARE&INSTR,2025-02-28,1,137.0,153.0,272.0,22
706,LABORATORYWARE&INSTR,2025-03-31,1,136.0,162.0,298.0,22
706,LABORATORYWARE&INSTR,2025-04-30,1,149.0,139.0,288.0,22
706,LABORATORYWARE&INSTR,2025-05-31,1,140.0,148.0,296.0,22
706,LABORATORYWARE&INSTR,2025-06-30,1,129.0,148.0,315.0,22
706,LABORATORYWARE&INSTR,2025-07-31,1,124.0,164.0,355.0,22
706,LABORATORYWARE&INSTR,2025-08-31,1,129.0,125.0,351.0,22
706,LABORATORYWARE&INSTR,2025-09-30,0,129.0,116.0,103.0,22
706,LABORATORYWARE&INSTR,2025-10-31,0,129.0,116.0,66.0,22
707,METALS-FERROUS,2023-11-30,1,1723.1116,1964.8669,7256.5832,59
707,METALS-FERROUS,2023-12-31,1,1759.191,1974.5315,7490.2792,59
707,METALS-FERROUS,2024-01-31,1,1715.7441999999999,1965.7045,7743.456999999999,59
707,METALS-FERROUS,2024-02-29,1,1688.3622,1786.0542,7841.149,59
707,METALS-FERROUS,2024-03-31,1,1644.643,1719.093,7915.599,59
707,METALS-FERROUS,2024-04-30,1,1656.7842,1866.0723,8124.8871,59
707,METALS-FERROUS,2024-05-31,1,1595.6104,1936.3975,8465.6742,59
707,METALS-FERROUS,2024-06-30,1,1572.1208,1853.6636,8747.515,59
707,METALS-FERROUS,2024-07-31,1,1642.5807,1845.5459,8950.4802,59
707,METALS-FERROUS,2024-08-31,1,1783.5140000000001,1678.205,8845.4513,59
707,METALS-FERROUS,2024-09-30,1,1738.9764,2033.3509999999999,9139.8259,59
707,METALS-FERROUS,2024-10-31,1,1763.991,2048.8288000000002,9424.6637,59
707,METALS-FERROUS,2024-11-30,1,1673.0216,2033.9435,9785.5856,59
707,METALS-FERROUS,2024-12-31,1,1845.7667,1922.9132,9862.7321,59
707,METALS-FERROUS,2025-01-31,1,1697.0566999999999,1819.6417999999999,9985.3172,59
707,METALS-FERROUS,2025-02-28,1,1658.9233,1917.8006,10244.1945,59
707,METALS-FERROUS,2025-03-31,1,1625.199,1663.8725000000002,10282.868,59
707,METALS-FERROUS,2025-04-30,1,1593.2586,1751.7566,10441.366,59
707,METALS-FERROUS,2025-05-31,1,1641.663,1748.0472,10547.7502,59
707,METALS-FERROUS,2025-06-30,1,1733.9067,1665.1041,10478.9476,59
707,METALS-FERROUS,2025-07-31,1,1663.9915,1862.9202,10677.8763,59
707,METALS-FERROUS,2025-08-31,1,1650.9618,1683.0604,10709.9749,59
707,METALS-FERROUS,2025-09-30,0,1659.453,2974.0373,10213.376,59
707,METALS-FERROUS,2025-10-31,0,1659.453,2974.0373,10483.792,59
709,P / WAY MATERIALS,2023-11-30,1,445.8224,385.1149,2495.1375,3
709,P / WAY MATERIALS,2023-12-31,1,443.3824,512.0406,2563.7957,3
709,P / WAY MATERIALS,2024-01-31,1,448.7902,391.845,2513.8505,3
709,P / WAY MATERIALS,2024-02-29,1,330.8646,588.1441,2771.13,3
709,P / WAY MATERIALS,2024-03-31,1,370.2261,455.8449,2856.7488,3
709,P / WAY MATERIALS,2024-04-30,1,285.8571,300.1045,2870.9962,3
709,P / WAY MATERIALS,2024-05-31,1,311.3315,303.3808,2863.0455,3
709,P / WAY MATERIALS,2024-06-30,1,258.6011,355.4083,2959.8527,3
709,P / WAY MATERIALS,2024-07-31,1,275.8922,410.4778,3094.4383,3
709,P / WAY MATERIALS,2024-08-31,1,359.4574,355.5263,3090.5072,3
709,P / WAY MATERIALS,2024-09-30,1,309.5482,258.3277,3039.2867,3
709,P / WAY MATERIALS,2024-10-31,1,355.3491,338.5695,3022.5071,3
709,P / WAY MATERIALS,2024-11-30,1,323.9002,337.0339,3035.6408,3
709,P / WAY MATERIALS,2024-12-31,1,412.9252,450.9094,3073.625,3
709,P / WAY MATERIALS,2025-01-31,1,307.8489,322.9257,3088.7018,3
709,P / WAY MATERIALS,2025-02-28,1,468.7337,353.7546,2973.7227,3
709,P / WAY MATERIALS,2025-03-31,1,340.9943,305.7881,2938.5165,3
709,P / WAY MATERIALS,2025-04-30,1,319.2321,554.1768,3173.4612,3
709,P / WAY MATERIALS,2025-05-31,1,285.1031,384.7091,3273.0672,3
709,P / WAY MATERIALS,2025-06-30,1,337.5587,374.8149,3310.3234,3
709,P / WAY MATERIALS,2025-07-31,1,264.9857,241.9377,3287.2754,3
709,P / WAY MATERIALS,2025-08-31,1,312.0607,302.7853,3278.0,3
709,P / WAY MATERIALS,2025-09-30,0,324.0,74.0,3204.0,3
709,P / WAY MATERIALS,2025-10-31,0,324.0,74.0,2904.0,3
710,PAINTS AND VARNISHES,2023-11-30,1,14013.0821,14800.303,81565.662,20
710,PAINTS AND VARNISHES,2023-12-31,1,15067.4494,15589.7425,82087.9551,20
710,PAINTS AND VARNISHES,2024-01-31,1,13082.347,17501.930800000002,86507.5389,20
710,PAINTS AND VARNISHES,2024-02-29,1,13408.4187,14701.4124,87800.53259999999,20
710,PAINTS AND VARNISHES,2024-03-31,1,14057.6633,14636.6457,88379.515,20
710,PAINTS AND VARNISHES,2024-04-30,1,14715.7153,17372.1011,91035.9008,20
710,PAINTS AND VARNISHES,2024-05-31,1,14612.8115,16005.4733,92428.5626,20
710,PAINTS AND VARNISHES,2024-06-30,1,16253.9911,18676.5615,94851.133,20
710,PAINTS AND VARNISHES,2024-07-31,1,15660.9425,16830.4354,96021.9589,20
710,PAINTS AND VARNISHES,2024-08-31,1,17731.6387,17638.6303,95928.9505,20
710,PAINTS AND VARNISHES,2024-09-30,1,17189.4989,18521.7242,97261.3269,20
710,PAINTS AND VARNISHES,2024-10-31,1,15893.9531,19620.1351,100987.9,20
710,PAINTS AND VARNISHES,2024-11-30,1,15993.7662,16768.4597,101762.5935,20
710,PAINTS AND VARNISHES,2024-12-31,1,14775.644499999999,18634.9237,105621.87269999999,20
710,PAINTS AND VARNISHES,2025-01-31,1,13490.6486,16102.0857,108233.3098,20
710,PAINTS AND VARNISHES,2025-02-28,1,14370.5533,15058.4478,108921.2043,20
710,PAINTS AND VARNISHES,2025-03-31,1,14349.8452,16339.8863,110911.2454,20
710,PAINTS AND VARNISHES,2025-04-30,1,14814.4316,15506.5367,111603.3505,20
710,PAINTS AND VARNISHES,2025-05-31,1,15664.8592,15453.2742,111391.76550000001,20
710,PAINTS AND VARNISHES,2025-06-30,1,18148.9759,19276.479,112519.26860000001,20
710,PAINTS AND VARNISHES,2025-07-31,1,16531.3469,20151.8328,116139.75450000001,20
710,PAINTS AND VARNISHES,2025-08-31,1,17547.265,19422.6424,118015.13190000001,20
710,PAINTS AND VARNISHES,2025-09-30,0,14707.0,16424.0,118011.802,20
710,PAINTS AND VARNISHES,2025-10-31,0,14707.0,16424.0,98630.802,20
712,LUBRICANTS,2023-11-30,1,253075.8731,272472.5507,96595.54520000001,51
712,LUBRICANTS,2023-12-31,1,255348.76260000002,280214.8461,127044.8664,51
712,LUBRICANTS,2024-01-31,1,226949.5917,271477.2153,172242.3711,51
712,LUBRICANTS,2024-02-29,1,244830.8316,267938.7468,199891.8677,51
712,LUBRICANTS,2024-03-31,1,238821.2642,280978.1857,243884.3367,51
712,LUBRICANTS,2024-04-30,1,241360.904,257291.2286,260360.47460000002,51
712,LUBRICANTS,2024-05-31,1,228777.4865,286861.2063,319531.2595,51
712,LUBRICANTS,2024-06-30,1,237719.006,272933.1565,354745.41,51
712,LUBRICANTS,2024-07-31,1,252726.6999,287968.6994,389987.4095,51
712,LUBRICANTS,2024-08-31,1,231379.4268,290506.5351,449114.51780000003,51
712,LUBRICANTS,2024-09-30,1,253036.752,274040.2302,470117.996,51
712,LUBRICANTS,2024-10-31,1,237731.0374,254338.001,486724.9596,51
712,LUBRICANTS,2024-11-30,1,247959.4355,278519.7291,517285.2532,51
712,LUBRICANTS,2024-12-31,1,251295.2202,276424.4905,542414.5235,51
712,LUBRICANTS,2025-01-31,1,242931.2525,283607.6388,583090.9098,51
712,LUBRICANTS,2025-02-28,1,231367.0668,265479.2615,617203.1045,51
712,LUBRICANTS,2025-03-31,1,235271.5742,250374.6099,632306.1402,51
712,LUBRICANTS,2025-04-30,1,238470.8599,258929.5589,652764.8392,51
712,LUBRICANTS,2025-05-31,1,244792.5483,266825.5964,674797.8873,51
712,LUBRICANTS,2025-06-30,1,245643.5026,290935.22359999997,720089.6083,51
712,LUBRICANTS,2025-07-31,1,245196.8269,266492.8358,741385.6172,51
712,LUBRICANTS,2025-08-31,1,243535.6506,280858.2367,778708.2033,51
712,LUBRICANTS,2025-09-30,0,235337.2,288600.9,284560.0,51
712,LUBRICANTS,2025-10-31,0,235337.2,288600.9,287300.7,51
713,"PIPE, TUBE AND FITTI",2023-11-30,1,18968.4825,20678.9046,95744.9865,232
713,"PIPE, TUBE AND FITTI",2023-12-31,1,18748.3832,21690.1506,98989.5255,232
713,"PIPE, TUBE AND FITTI",2024-01-31,1,19666.4397,20174.5816,100377.2465,232
713,"PIPE, TUBE AND FITTI",2024-02-29,1,20087.0368,21502.6012,102369.0769,232
713,"PIPE, TUBE AND FITTI",2024-03-31,1,18138.9337,23669.621,107953.7642,232
713,"PIPE, TUBE AND FITTI",2024-04-30,1,19790.0029,20733.5443,108963.30559999999,232
713,"PIPE, TUBE AND FITTI",2024-05-31,1,19472.8134,21131.9098,110701.402,232
713,"PIPE, TUBE AND FITTI",2024-06-30,1,19709.6131,22534.2956,113545.0845,232
713,"PIPE, TUBE AND FITTI",2024-07-31,1,19908.27,20312.8452,113984.5281,232
713,"PIPE, TUBE AND FITTI",2024-08-31,1,18283.6235,20322.2791,116026.1837,232
713,"PIPE, TUBE AND FITTI",2024-09-30,1,18263.6588,21397.6181,119162.143,232
713,"PIPE, TUBE AND FITTI",2024-10-31,1,19131.746,20331.4942,120364.8912,232
713,"PIPE, TUBE AND FITTI",2024-11-30,1,18641.5819,20320.3913,122043.7006,232
713,"PIPE, TUBE AND FITTI",2024-12-31,1,19082.5873,20839.9385,123801.0518,232
713,"PIPE, TUBE AND FITTI",2025-01-31,1,19616.5934,20651.2328,124835.6912,232
713,"PIPE, TUBE AND FITTI",2025-02-28,1,19767.4968,19849.4478,124917.6422,232
713,"PIPE, TUBE AND FITTI",2025-03-31,1,20253.6979,21310.2887,125974.233,232
713,"PIPE, TUBE AND FITTI",2025-04-30,1,19318.5291,23839.2704,130495.9743,232
713,"PIPE, TUBE AND FITTI",2025-05-31,1,19341.9485,21799.3862,132953.412,232
713,"PIPE, TUBE AND FITTI",2025-06-30,1,19472.5023,21725.3295,135206.2392,232
713,"PIPE, TUBE AND FITTI",2025-07-31,1,18678.1841,21592.9597,138121.0148,232
713,"PIPE, TUBE AND FITTI",2025-08-31,1,19100.0465,21030.1329,140051.1012,232
713,"PIPE, TUBE AND FITTI",2025-09-30,0,18601.85,43056.665,127573.389,232
713,"PIPE, TUBE AND FITTI",2025-10-31,0,18601.85,43056.665,135423.11,232
714,VALVES &  ACCESSORIE,2023-11-30,1,328.0,341.0,2512.0,56
714,VALVES &  ACCESSORIE,2023-12-31,1,345.0,373.0,2543.0,56
714,VALVES &  ACCESSORIE,2024-01-31,1,354.0,368.0,2565.0,56
714,VALVES &  ACCESSORIE,2024-02-29,1,339.0,377.0,2606.0,56
714,VALVES &  ACCESSORIE,2024-03-31,1,334.0,380.0,2654.0,56
714,VALVES &  ACCESSORIE,2024-04-30,1,341.0,356.0,2669.0,56
714,VALVES &  ACCESSORIE,2024-05-31,1,341.0,395.0,2727.0,56
714,VALVES &  ACCESSORIE,2024-06-30,1,341.0,377.0,2766.0,56
714,VALVES &  ACCESSORIE,2024-07-31,1,326.0,371.0,2811.0,56
714,VALVES &  ACCESSORIE,2024-08-31,1,320.0,364.0,2855.0,56
714,VALVES &  ACCESSORIE,2024-09-30,1,340.0,351.0,2867.0,56
714,VALVES &  ACCESSORIE,2024-10-31,1,317.0,339.0,2889.0,56
714,VALVES &  ACCESSORIE,2024-11-30,1,329.0,383.0,2943.0,56
714,VALVES &  ACCESSORIE,2024-12-31,1,346.0,336.0,2933.0,56
714,VALVES &  ACCESSORIE,2025-01-31,1,360.0,358.0,2931.0,56
714,VALVES &  ACCESSORIE,2025-02-28,1,348.0,394.0,2977.0,56
714,VALVES &  ACCESSORIE,2025-03-31,1,359.0,399.0,3017.0,56
714,VALVES &  ACCESSORIE,2025-04-30,1,336.0,373.0,3054.0,56
714,VALVES &  ACCESSORIE,2025-05-31,1,334.0,411.0,3131.0,56
714,VALVES &  ACCESSORIE,2025-06-30,1,340.0,352.0,3143.0,56
714,VALVES &  ACCESSORIE,2025-07-31,1,336.0,372.0,3179.0,56
714,VALVES &  ACCESSORIE,2025-08-31,1,343.0,377.0,3213.0,56
714,VALVES &  ACCESSORIE,2025-09-30,0,323.0,525.0,2988.3,56
714,VALVES &  ACCESSORIE,2025-10-31,0,323.0,525.0,2888.3,56
715,REFRACTORIES,2023-11-30,1,599757.2248,683730.0059,451302.149,556
715,REFRACTORIES,2023-12-31,1,647719.2004,669013.036,491752.25289999996,556
715,REFRACTORIES,2024-01-31,1,662316.7829,657372.6912,567598.3033,556
715,REFRACTORIES,2024-02-29,1,640000.5878,689505.8292,642377.5293,556
715,REFRACTORIES,2024-03-31,1,621475.8392,642667.4036,680303.6972,556
715,REFRACTORIES,2024-04-30,1,624361.4402000001,741820.1594,797838.8795,556
715,REFRACTORIES,2024-05-31,1,593367.7955,733402.31,937929.5235,556
715,REFRACTORIES,2024-06-30,1,629071.3364,759109.3958,1067979.0879,556
715,REFRACTORIES,2024-07-31,1,645643.5598,654829.7319,1077553.6694,556
715,REFRACTORIES,2024-08-31,1,591124.3055,788174.1319,1274607.372,556
715,REFRACTORIES,2024-09-30,1,621648.3207,677395.9739999999,1330466.2585,556
715,REFRACTORIES,2024-10-31,1,643004.9711,714930.1291,1403361.5007,556
715,REFRACTORIES,2024-11-30,1,602611.4605,662411.7214,1463161.8941,556
715,REFRACTORIES,2024-12-31,1,667342.1897999999,628222.8405,1424041.6837000002,556
715,REFRACTORIES,2025-01-31,1,663444.0772,755128.7204,1515727.9689,556
715,REFRACTORIES,2025-02-28,1,687783.9321999999,686349.3718999999,1514293.7859,556
715,REFRACTORIES,2025-03-31,1,709462.3225,725457.3806,1530289.844,556
715,REFRACTORIES,2025-04-30,1,662663.7517,787826.4392,1655452.5315,556
715,REFRACTORIES,2025-05-31,1,673590.9227,708441.9685,1690302.5773,556
715,REFRACTORIES,2025-06-30,1,668838.4269000001,836704.1104,1858168.7228,556
715,REFRACTORIES,2025-07-31,1,668306.4463000001,657313.4889,1847176.7654,556
715,REFRACTORIES,2025-08-31,1,672096.4902,833181.2901,2008260.5653,556
715,REFRACTORIES,2025-09-30,0,617794.92,774017.5258,1569074.785,556
715,REFRACTORIES,2025-10-31,0,617794.92,774017.5258,1556308.605,556
716,ROLLS,2023-11-30,1,102.0,107.0,1241.0,19
716,ROLLS,2023-12-31,1,115.0,119.0,1245.0,19
716,ROLLS,2024-01-31,1,110.0,106.0,1242.0,19
716,ROLLS,2024-02-29,1,124.0,125.0,1245.0,19
716,ROLLS,2024-03-31,1,101.0,121.0,1265.0,19
716,ROLLS,2024-04-30,1,120.0,121.0,1266.0,19
716,ROLLS,2024-05-31,1,104.0,105.0,1267.0,19
716,ROLLS,2024-06-30,1,100.0,149.0,1316.0,19
716,ROLLS,2024-07-31,1,112.0,97.0,1301.0,19
716,ROLLS,2024-08-31,1,106.0,103.0,1298.0,19
716,ROLLS,2024-09-30,1,103.0,120.0,1315.0,19
716,ROLLS,2024-10-31,1,117.0,108.0,1306.0,19
716,ROLLS,2024-11-30,1,129.0,118.0,1295.0,19
716,ROLLS,2024-12-31,1,112.0,124.0,1307.0,19
716,ROLLS,2025-01-31,1,114.0,127.0,1320.0,19
716,ROLLS,2025-02-28,1,103.0,117.0,1334.0,19
716,ROLLS,2025-03-31,1,105.0,124.0,1353.0,19
716,ROLLS,2025-04-30,1,106.0,103.0,1350.0,19
716,ROLLS,2025-05-31,1,103.0,125.0,1372.0,19
716,ROLLS,2025-06-30,1,108.0,107.0,1371.0,19
716,ROLLS,2025-07-31,1,103.0,108.0,1376.0,19
716,ROLLS,2025-08-31,1,111.0,112.0,1377.0,19
716,ROLLS,2025-09-30,0,109.0,169.0,1368.0,19
716,ROLLS,2025-10-31,0,109.0,169.0,1390.0,19
717,HOSE AND FITTINGS,2023-11-30,1,2087.7711,2422.4085,18880.5112,44
717,HOSE AND FITTINGS,2023-12-31,1,1943.707,2198.5572,19143.361399999998,44
717,HOSE AND FITTINGS,2024-01-31,1,1807.7412,2104.3993,19481.019500000002,44
717,HOSE AND FITTINGS,2024-02-29,1,1885.4255,1943.2168,19564.8108,44
717,HOSE AND FITTINGS,2024-03-31,1,1910.1841,2283.0286,19938.6553,44
717,HOSE AND FITTINGS,2024-04-30,1,1890.4863,2048.0498,20096.2188,44
717,HOSE AND FITTINGS,2024-05-31,1,1755.0720999999999,1989.7019,20332.8486,44
717,HOSE AND FITTINGS,2024-06-30,1,1889.3702,2060.4584,20503.9368,44
717,HOSE AND FITTINGS,2024-07-31,1,1979.963,2080.9789,20604.9527,44
717,HOSE AND FITTINGS,2024-08-31,1,1996.7035,1928.8577,20537.1069,44
717,HOSE AND FITTINGS,2024-09-30,1,2061.6851,2255.8140000000003,20731.235800000002,44
717,HOSE AND FITTINGS,2024-10-31,1,2077.4241,2031.0296,20684.8413,44
717,HOSE AND FITTINGS,2024-11-30,1,1904.1947,2294.2391,21074.8857,44
717,HOSE AND FITTINGS,2024-12-31,1,1673.4470000000001,2371.3764,21772.8151,44
717,HOSE AND FITTINGS,2025-01-31,1,1683.604,1865.1838,21954.3949,44
717,HOSE AND FITTINGS,2025-02-28,1,1741.9131,1800.8675,22013.3493,44
717,HOSE AND FITTINGS,2025-03-31,1,2046.9786000000001,2052.4248,22018.7955,44
717,HOSE AND FITTINGS,2025-04-30,1,1608.2114000000001,2139.142,22549.7261,44
717,HOSE AND FITTINGS,2025-05-31,1,1906.3579,1975.2541,22618.6223,44
717,HOSE AND FITTINGS,2025-06-30,1,1828.4252,1980.7984999999999,22770.995600000002,44
717,HOSE AND FITTINGS,2025-07-31,1,2025.1133,2205.1798,22951.0621,44
717,HOSE AND FITTINGS,2025-08-31,1,1992.4742,2067.9121,23026.5,44
717,HOSE AND FITTINGS,2025-09-30,0,1859.0,4035.0,22477.5,44
717,HOSE AND FITTINGS,2025-10-31,0,1859.0,4035.0,22392.5,44
718,PACKING&JOINTING MTL,2023-11-30,1,27680.0359,30828.3883,36390.7152,141
718,PACKING&JOINTING MTL,2023-12-31,1,28265.1423,30004.7691,38904.342,141
718,PACKING&JOINTING MTL,2024-01-31,1,27974.0353,31962.7677,43848.0744,141
718,PACKING&JOINTING MTL,2024-02-29,1,28838.2663,30032.614999999998,45594.4231,141
718,PACKING&JOINTING MTL,2024-03-31,1,27575.7773,30443.5634,49104.2092,141
718,PACKING&JOINTING MTL,2024-04-30,1,26909.0745,31370.9914,53975.1261,141
718,PACKING&JOINTING MTL,2024-05-31,1,27192.4574,30373.1609,57367.8296,141
718,PACKING&JOINTING MTL,2024-06-30,1,26331.0898,29845.2607,60957.0005,141
718,PACKING&JOINTING MTL,2024-07-31,1,25728.506699999998,28506.995,63735.4888,141
718,PACKING&JOINTING MTL,2024-08-31,1,26211.5451,28902.4535,66523.3972,141
718,PACKING&JOINTING MTL,2024-09-30,1,25821.615,27426.1549,68166.9371,141
718,PACKING&JOINTING MTL,2024-10-31,1,27628.9608,29710.895,70248.8713,141
718,PACKING&JOINTING MTL,2024-11-30,1,27639.977899999998,29909.1924,72518.0858,141
718,PACKING&JOINTING MTL,2024-12-31,1,28152.1762,31409.66,75775.5696,141
718,PACKING&JOINTING MTL,2025-01-31,1,28671.3186,31039.1879,78143.43890000001,141
718,PACKING&JOINTING MTL,2025-02-28,1,27639.1013,31359.2749,81863.6125,141
718,PACKING&JOINTING MTL,2025-03-31,1,27689.5345,31672.5101,85846.5881,141
718,PACKING&JOINTING MTL,2025-04-30,1,28657.1651,30765.6515,87955.0745,141
718,PACKING&JOINTING MTL,2025-05-31,1,26185.5372,31384.6394,93154.1767,141
718,PACKING&JOINTING MTL,2025-06-30,1,26145.746,30008.033,97016.46370000001,141
718,PACKING&JOINTING MTL,2025-07-31,1,26825.8883,29392.3769,99582.9523,141
718,PACKING&JOINTING MTL,2025-08-31,1,26525.3764,28936.5135,101994.0894,141
718,PACKING&JOINTING MTL,2025-09-30,0,26888.5,31820.0,54974.62,141
718,PACKING&JOINTING MTL,2025-10-31,0,26888.5,31820.0,43413.12,141
719,"OFF.EQPT,STN.&WELFAR",2023-11-30,1,393648.3295,451217.89770000003,338742.5968,45
719,"OFF.EQPT,STN.&WELFAR",2023-12-31,1,439504.28719999996,362772.992,262581.3016,45
719,"OFF.EQPT,STN.&WELFAR",2024-01-31,1,378093.70790000004,357262.0311,247823.6248,45
719,"OFF.EQPT,STN.&WELFAR",2024-02-29,1,350799.28750000003,450370.39869999996,347768.736,45
719,"OFF.EQPT,STN.&WELFAR",2024-03-31,1,343083.5379,440424.06590000005,445109.26399999997,45
719,"OFF.EQPT,STN.&WELFAR",2024-04-30,1,527768.4489,320516.6609,272227.793,45
719,"OFF.EQPT,STN.&WELFAR",2024-05-31,1,468644.78390000004,434741.3362,294465.2437,45
719,"OFF.EQPT,STN.&WELFAR",2024-06-30,1,342944.216,463165.2918,414686.3195,45
719,"OFF.EQPT,STN.&WELFAR",2024-07-31,1,371271.2061,509031.0196,552446.133,45
719,"OFF.EQPT,STN.&WELFAR",2024-08-31,1,339682.8858,384267.2182,597030.4654,45
719,"OFF.EQPT,STN.&WELFAR",2024-09-30,1,414445.2162,474408.02280000004,656993.272,45
719,"OFF.EQPT,STN.&WELFAR",2024-10-31,1,434786.1805,408638.7966,630845.8881,45
719,"OFF.EQPT,STN.&WELFAR",2024-11-30,1,455545.3155,465814.3047,641114.8773,45
719,"OFF.EQPT,STN.&WELFAR",2024-12-31,1,392014.1215,482403.886,731504.6418,45
719,"OFF.EQPT,STN.&WELFAR",2025-01-31,1,377427.6971,449204.8846,803281.8293,45
719,"OFF.EQPT,STN.&WELFAR",2025-02-28,1,390304.6948,456021.36679999996,868998.5013,45
719,"OFF.EQPT,STN.&WELFAR",2025-03-31,1,429048.80489999993,388780.0963,828729.7927,45
719,"OFF.EQPT,STN.&WELFAR",2025-04-30,1,397652.15530000004,479497.519,910575.1564,45
719,"OFF.EQPT,STN.&WELFAR",2025-05-31,1,313342.8258,547450.321,1144682.6516,45
719,"OFF.EQPT,STN.&WELFAR",2025-06-30,1,370892.60229999997,381856.9061,1155646.9554,45
719,"OFF.EQPT,STN.&WELFAR",2025-07-31,1,407813.3405,382992.12,1130825.7349,45
719,"OFF.EQPT,STN.&WELFAR",2025-08-31,1,432457.9631,358174.3186,1056542.0904,45
719,"OFF.EQPT,STN.&WELFAR",2025-09-30,0,404829.0,569285.5,879291.4750000001,45
719,"OFF.EQPT,STN.&WELFAR",2025-10-31,0,404829.0,569285.5,878554.4750000001,45
722,WELDING MATL.&EQPT,2023-11-30,1,54713.8902,59643.9718,430067.2183,71
722,WELDING MATL.&EQPT,2023-12-31,1,54214.1221,58585.833099999996,434438.9293,71
722,WELDING MATL.&EQPT,2024-01-31,1,49674.888,58123.7528,442892.7941,71
722,WELDING MATL.&EQPT,2024-02-29,1,51471.4149,50930.852399999996,442353.2316,71
722,WELDING MATL.&EQPT,2024-03-31,1,57821.5834,55161.5219,439695.1701,71
722,WELDING MATL.&EQPT,2024-04-30,1,53162.6275,58934.9144,445486.4509,71
722,WELDING MATL.&EQPT,2024-05-31,1,55417.8949,59697.8548,449766.4108,71
722,WELDING MATL.&EQPT,2024-06-30,1,58626.7299,58858.866500000004,449999.5474,71
722,WELDING MATL.&EQPT,2024-07-31,1,62300.1098,62915.7405,450615.1781,71
722,WELDING MATL.&EQPT,2024-08-31,1,60120.3338,77890.6898,468385.5341,71
722,WELDING MATL.&EQPT,2024-09-30,1,55072.534700000004,71729.5825,485104.5819,71
722,WELDING MATL.&EQPT,2024-10-31,1,63245.0233,64149.7629,486009.3215,71
722,WELDING MATL.&EQPT,2024-11-30,1,53991.2537,65106.4594,497128.1358,71
722,WELDING MATL.&EQPT,2024-12-31,1,53971.722,58527.5098,501684.9236,71
722,WELDING MATL.&EQPT,2025-01-31,1,57142.005,53811.8662,498354.7848,71
722,WELDING MATL.&EQPT,2025-02-28,1,51906.3837,65655.2407,512103.6418,71
722,WELDING MATL.&EQPT,2025-03-31,1,51380.0248,53072.0561,513795.6731,71
722,WELDING MATL.&EQPT,2025-04-30,1,55965.1345,54134.0757,511964.6143,71
722,WELDING MATL.&EQPT,2025-05-31,1,58205.4385,64509.0799,518268.2557,71
722,WELDING MATL.&EQPT,2025-06-30,1,56477.7151,61754.0708,523544.6114,71
722,WELDING MATL.&EQPT,2025-07-31,1,60175.9842,69924.8069,533293.4341,71
722,WELDING MATL.&EQPT,2025-08-31,1,63213.498,64558.5215,534638.4576,71
722,WELDING MATL.&EQPT,2025-09-30,0,55808.559,64749.6615,533483.345,71
722,WELDING MATL.&EQPT,2025-10-31,0,55808.559,64749.6615,487042.745,71
723,TOOLS AND TACKLES,2023-11-30,1,1648.0,1808.0,13683.0,111
723,TOOLS AND TACKLES,2023-12-31,1,1552.0,1917.0,14051.0,111
723,TOOLS AND TACKLES,2024-01-31,1,1480.0,1887.0,14461.0,111
723,TOOLS AND TACKLES,2024-02-29,1,1529.0,1664.0,14599.0,111
723,TOOLS AND TACKLES,2024-03-31,1,1522.0,1663.0,14740.0,111
723,TOOLS AND TACKLES,2024-04-30,1,1576.0,1640.0,14805.0,111
723,TOOLS AND TACKLES,2024-05-31,1,1530.0,1676.0,14951.0,111
723,TOOLS AND TACKLES,2024-06-30,1,1436.0,1570.0,15085.0,111
723,TOOLS AND TACKLES,2024-07-31,1,1554.0,1676.0,15207.0,111
723,TOOLS AND TACKLES,2024-08-31,1,1868.0,1740.0,15079.0,111
723,TOOLS AND TACKLES,2024-09-30,1,1655.0,1559.0,14983.0,111
723,TOOLS AND TACKLES,2024-10-31,1,1711.0,2074.0,15346.0,111
723,TOOLS AND TACKLES,2024-11-30,1,1881.0,2081.0,15546.0,111
723,TOOLS AND TACKLES,2024-12-31,1,1722.0,1845.0,15669.0,111
723,TOOLS AND TACKLES,2025-01-31,1,1369.0,1770.0,16070.0,111
723,TOOLS AND TACKLES,2025-02-28,1,1498.0,1966.0,16538.0,111
723,TOOLS AND TACKLES,2025-03-31,1,1557.0,1504.0,16485.0,111
723,TOOLS AND TACKLES,2025-04-30,1,1525.0,1757.0,16717.0,111
723,TOOLS AND TACKLES,2025-05-31,1,1503.0,1773.0,16987.0,111
723,TOOLS AND TACKLES,2025-06-30,1,1712.0,1625.0,16900.0,111
723,TOOLS AND TACKLES,2025-07-31,1,1719.0,1505.0,16686.0,111
723,TOOLS AND TACKLES,2025-08-31,1,1882.0,2090.0,16894.0,111
723,TOOLS AND TACKLES,2025-09-30,0,1514.0,1804.0,16257.4,111
723,TOOLS AND TACKLES,2025-10-31,0,1514.0,1804.0,15270.4,111
724,TIMBER,2023-11-30,1,27138.8155,29668.717,18780.0587,10
724,TIMBER,2023-12-31,1,20962.1881,36857.3033,34710.1739,10
724,TIMBER,2024-01-31,1,30528.3188,32522.9816,36709.8367,10
724,TIMBER,2024-02-29,1,27853.1145,23225.7366,32090.4588,10
724,TIMBER,2024-03-31,1,21424.1724,28583.5502,39258.8366,10
724,TIMBER,2024-04-30,1,32588.0627,28995.4143,35672.1882,10
724,TIMBER,2024-05-31,1,35479.8639,21219.1041,21411.4284,10
724,TIMBER,2024-06-30,1,26279.9019,42234.2105,37365.737,10
724,TIMBER,2024-07-31,1,32548.3055,38347.9454,43165.3769,10
724,TIMBER,2024-08-31,1,26541.9077,24915.8643,41539.3335,10
724,TIMBER,2024-09-30,1,27674.6386,40430.7944,54295.4893,10
724,TIMBER,2024-10-31,1,28826.5117,28832.8403,54301.8179,10
724,TIMBER,2024-11-30,1,25318.0118,28334.323,57318.1291,10
724,TIMBER,2024-12-31,1,27571.1878,24582.4631,54329.4044,10
724,TIMBER,2025-01-31,1,26856.0393,27161.9176,54635.2827,10
724,TIMBER,2025-02-28,1,23668.4895,31678.3248,62645.118,10
724,TIMBER,2025-03-31,1,31850.4443,29456.833,60251.5067,10
724,TIMBER,2025-04-30,1,35053.8961,20511.6383,45709.2489,10
724,TIMBER,2025-05-31,1,37270.3514,27170.9058,35609.8033,10
724,TIMBER,2025-06-30,1,34191.0002,34303.8872,35722.6903,10
724,TIMBER,2025-07-31,1,34967.0104,35526.7299,36282.4098,10
724,TIMBER,2025-08-31,1,36833.1063,31349.1595,30798.463,10
724,TIMBER,2025-09-30,0,28461.463,40548.0125,27128.463,10
724,TIMBER,2025-10-31,0,28461.463,40548.0125,27010.0,10
725,WIRE PRODUCTS,2023-11-30,1,54785.2081,56070.918600000005,34109.456600000005,25
725,WIRE PRODUCTS,2023-12-31,1,55310.7646,53567.8309,33051.0807,25
725,WIRE PRODUCTS,2024-01-31,1,50360.8149,68744.63590000001,51725.0326,25
725,WIRE PRODUCTS,2024-02-29,1,60638.2636,58234.6725,53154.4706,25
725,WIRE PRODUCTS,2024-03-31,1,50716.9344,51830.6717,54313.3949,25
725,WIRE PRODUCTS,2024-04-30,1,55704.8314,47998.71599999999,49097.1408,25
725,WIRE PRODUCTS,2024-05-31,1,57731.4536,69268.1075,60658.2003,25
725,WIRE PRODUCTS,2024-06-30,1,57091.135800000004,47463.4157,51030.480200000005,25
725,WIRE PRODUCTS,2024-07-31,1,63427.0688,61925.3426,49528.754,25
725,WIRE PRODUCTS,2024-08-31,1,70365.4615,60577.89,42725.0147,25
725,WIRE PRODUCTS,2024-09-30,1,61154.0033,83149.44959999999,64720.460999999996,25
725,WIRE PRODUCTS,2024-10-31,1,60921.7091,84611.343,88410.0949,25
725,WIRE PRODUCTS,2024-11-30,1,63096.3683,73985.405,99299.1316,25
725,WIRE PRODUCTS,2024-12-31,1,57606.316900000005,61781.0012,103473.8159,25
725,WIRE PRODUCTS,2025-01-31,1,51580.1907,71473.0962,123366.72140000001,25
725,WIRE PRODUCTS,2025-02-28,1,47559.5606,59282.793600000005,135089.9544,25
725,WIRE PRODUCTS,2025-03-31,1,50869.686799999996,54956.6913,139176.9589,25
725,WIRE PRODUCTS,2025-04-30,1,57075.4653,49291.0434,131392.537,25
725,WIRE PRODUCTS,2025-05-31,1,51433.7032,64835.461,144794.2948,25
725,WIRE PRODUCTS,2025-06-30,1,61432.60249999999,61607.098699999995,144968.791,25
725,WIRE PRODUCTS,2025-07-31,1,73708.2085,48458.8097,119719.3922,25
725,WIRE PRODUCTS,2025-08-31,1,57204.0538,79290.3119,141805.6503,25
725,WIRE PRODUCTS,2025-09-30,0,55020.5,44808.5,99935.75,25
725,WIRE PRODUCTS,2025-10-31,0,55020.5,44808.5,60747.25,25
726,FIRE &SAFETY MATERIA,2023-11-30,1,24145.1981,24719.8772,569498.1303000001,54
726,FIRE &SAFETY MATERIA,2023-12-31,1,30935.0893,26286.9534,564849.9944,54
726,FIRE &SAFETY MATERIA,2024-01-31,1,26140.1152,30215.007599999997,568924.8868,54
726,FIRE &SAFETY MATERIA,2024-02-29,1,27499.6606,32929.9898,574355.216,54
726,FIRE &SAFETY MATERIA,2024-03-31,1,33641.6782,26030.8197,566744.3574999999,54
726,FIRE &SAFETY MATERIA,2024-04-30,1,34859.3053,35025.8024,566910.8546,54
726,FIRE &SAFETY MATERIA,2024-05-31,1,35182.803400000004,36096.6287,567824.6799,54
726,FIRE &SAFETY MATERIA,2024-06-30,1,29101.6016,34750.1558,573473.2341,54
726,FIRE &SAFETY MATERIA,2024-07-31,1,27783.8427,30375.475899999998,576064.8673,54
726,FIRE &SAFETY MATERIA,2024-08-31,1,28375.255100000002,31833.345499999996,579522.9576999999,54
726,FIRE &SAFETY MATERIA,2024-09-30,1,23401.9447,28145.386700000003,584266.3997,54
726,FIRE &SAFETY MATERIA,2024-10-31,1,25823.6917,28454.4075,586897.1155000001,54
726,FIRE &SAFETY MATERIA,2024-11-30,1,27216.853900000002,27631.3399,587311.6015,54
726,FIRE &SAFETY MATERIA,2024-12-31,1,30306.1969,25764.8206,582770.2252,54
726,FIRE &SAFETY MATERIA,2025-01-31,1,31466.6907,41192.7445,592496.279,54
726,FIRE &SAFETY MATERIA,2025-02-28,1,30649.376000000004,26373.068100000004,588219.9711,54
726,FIRE &SAFETY MATERIA,2025-03-31,1,34175.716499999995,32768.7027,586812.9573,54
726,FIRE &SAFETY MATERIA,2025-04-30,1,36411.8174,36999.1312,587400.2711,54
726,FIRE &SAFETY MATERIA,2025-05-31,1,34353.943100000004,40781.976500000004,593828.3045000001,54
726,FIRE &SAFETY MATERIA,2025-06-30,1,30275.257299999997,36483.0299,600036.0771,54
726,FIRE &SAFETY MATERIA,2025-07-31,1,29353.502999999997,30802.363699999998,601484.9378,54
726,FIRE &SAFETY MATERIA,2025-08-31,1,29305.854700000004,30993.4169,603172.5,54
726,FIRE &SAFETY MATERIA,2025-09-30,0,27597.0,34325.0,603172.5,54
726,FIRE &SAFETY MATERIA,2025-10-31,0,27597.0,34325.0,576185.5,54
727,"GASES, CYLINDERS&SPR",2023-11-30,1,147.1068,122.4418,13.4104,1
727,"GASES, CYLINDERS&SPR",2023-12-31,1,168.8053,201.2967,45.9018,1
727,"GASES, CYLINDERS&SPR",2024-01-31,1,153.8432,159.9892,52.0478,1
727,"GASES, CYLINDERS&SPR",2024-02-29,1,188.1634,225.06,88.9444,1
727,"GASES, CYLINDERS&SPR",2024-03-31,1,259.0763,140.8807,0.0,1
727,"GASES, CYLINDERS&SPR",2024-04-30,1,299.4562,150.74,0.0,1
727,"GASES, CYLINDERS&SPR",2024-05-31,1,209.0561,250.2537,41.1976,1
727,"GASES, CYLINDERS&SPR",2024-06-30,1,229.2481,410.7934,222.7429,1
727,"GASES, CYLINDERS&SPR",2024-07-31,1,228.5333,278.662,272.8716,1
727,"GASES, CYLINDERS&SPR",2024-08-31,1,243.5796,215.9005,245.1925,1
727,"GASES, CYLINDERS&SPR",2024-09-30,1,186.2548,191.9675,250.9052,1
727,"GASES, CYLINDERS&SPR",2024-10-31,1,172.3677,203.5529,282.0904,1
727,"GASES, CYLINDERS&SPR",2024-11-30,1,179.2335,186.9397,289.7966,1
727,"GASES, CYLINDERS&SPR",2024-12-31,1,172.6414,216.9389,334.0941,1
727,"GASES, CYLINDERS&SPR",2025-01-31,1,157.1917,144.145,321.0474,1
727,"GASES, CYLINDERS&SPR",2025-02-28,1,203.4436,234.4096,352.0134,1
727,"GASES, CYLINDERS&SPR",2025-03-31,1,215.3659,157.4727,294.1202,1
727,"GASES, CYLINDERS&SPR",2025-04-30,1,230.1239,248.8636,312.8599,1
727,"GASES, CYLINDERS&SPR",2025-05-31,1,221.1011,254.4551,346.2139,1
727,"GASES, CYLINDERS&SPR",2025-06-30,1,207.8273,228.5087,366.8953,1
727,"GASES, CYLINDERS&SPR",2025-07-31,1,235.5855,238.8999,370.2097,1
727,"GASES, CYLINDERS&SPR",2025-08-31,1,235.1675,194.9252,329.9674,1
727,"GASES, CYLINDERS&SPR",2025-09-30,0,209.0,114.0,152.0,1
727,"GASES, CYLINDERS&SPR",2025-10-31,0,209.0,114.0,57.0,1
728,"EXPLOSIVES,ARMS&AMM",2023-11-30,1,2194.5566,2328.4102000000003,107791.9249,5
728,"EXPLOSIVES,ARMS&AMM",2023-12-31,1,2277.1031,2849.7939,108364.61570000001,5
728,"EXPLOSIVES,ARMS&AMM",2024-01-31,1,2431.3378,2595.8132,108529.09109999999,5
728,"EXPLOSIVES,ARMS&AMM",2024-02-29,1,2636.0945,2281.711,108174.7076,5
728,"EXPLOSIVES,ARMS&AMM",2024-03-31,1,2711.9632,2339.4276,107802.17199999999,5
728,"EXPLOSIVES,ARMS&AMM",2024-04-30,1,2850.1652,2660.9648,107612.97160000002,5
728,"EXPLOSIVES,ARMS&AMM",2024-05-31,1,2728.0771999999997,3499.4994,108384.3938,5
728,"EXPLOSIVES,ARMS&AMM",2024-06-30,1,2287.8450000000003,3668.3004,109764.8492,5
728,"EXPLOSIVES,ARMS&AMM",2024-07-31,1,2541.5854,2589.8944,109813.1582,5
728,"EXPLOSIVES,ARMS&AMM",2024-08-31,1,2592.4608,2670.2924,109890.9898,5
728,"EXPLOSIVES,ARMS&AMM",2024-09-30,1,2418.9936000000002,2444.8602,109916.8564,5
728,"EXPLOSIVES,ARMS&AMM",2024-10-31,1,2357.2191,3065.0656,110624.7029,5
728,"EXPLOSIVES,ARMS&AMM",2024-11-30,1,2676.241,2904.8781,110853.34000000001,5
728,"EXPLOSIVES,ARMS&AMM",2024-12-31,1,2448.6834,2864.9103999999998,111269.567,5
728,"EXPLOSIVES,ARMS&AMM",2025-01-31,1,2509.7026,3007.9145,111767.77889999999,5
728,"EXPLOSIVES,ARMS&AMM",2025-02-28,1,2847.3637,2352.0407,111272.45590000002,5
728,"EXPLOSIVES,ARMS&AMM",2025-03-31,1,2886.6978,2675.2156999999997,111060.9738,5
728,"EXPLOSIVES,ARMS&AMM",2025-04-30,1,3285.4394,2571.1777,110346.71209999999,5
728,"EXPLOSIVES,ARMS&AMM",2025-05-31,1,2816.5011999999997,3231.1958999999997,110761.4068,5
728,"EXPLOSIVES,ARMS&AMM",2025-06-30,1,2861.3156,3613.9413,111514.0325,5
728,"EXPLOSIVES,ARMS&AMM",2025-07-31,1,2058.2075,2859.8969,112315.72189999999,5
728,"EXPLOSIVES,ARMS&AMM",2025-08-31,1,2153.3932,3488.6713,113651.0,5
728,"EXPLOSIVES,ARMS&AMM",2025-09-30,0,2455.14,24192.0,113651.0,5
728,"EXPLOSIVES,ARMS&AMM",2025-10-31,0,2455.14,24192.0,135387.86000000002,5
